{"stats":{"minecraft:used":{"fnaf_plushie_remastered:monty_plush":1,"minecraft:red_wool":2,"minecraft:grass_block":1,"minecraft:rooted_dirt":7,"modminds:corazon":2,"fnaf_plushie_remastered:purple_guy_plush":6,"fnaf_plushie_remastered:foxy_bully_plush":2,"fnaf_plushie_remastered:balloon_boy_plush":21,"casinocraft:arcade_base_white":2,"modminds:pildora_del_experimento_110":2,"minecraft:enchanted_golden_apple":5,"minecraft:dark_oak_door":2},"minecraft:custom":{"minecraft:time_since_rest":9628,"minecraft:sprint_one_cm":6710,"minecraft:damage_taken":2160,"minecraft:walk_one_cm":71403,"minecraft:drop":65,"minecraft:fly_one_cm":102966,"minecraft:crouch_one_cm":2788,"minecraft:play_time":48028,"minecraft:deaths":1,"minecraft:sneak_time":1448,"minecraft:jump":136,"minecraft:leave_game":1,"minecraft:time_since_death":9625,"minecraft:total_world_time":48028},"minecraft:picked_up":{"minecraft:tripwire_hook":1,"modminds:dedita_naranja":65,"dedsafio_3:tenedor":1,"casinocraft:rulebook_5_1":64,"casinocraft:rulebook_5_2":64,"modminds:corazon":2,"modminds:pildora_del_experimento_110":64,"modminds:bloqueador":1,"modminds:nutritotem":7,"minecraft:totem_of_undying":1,"minecraft:enchanted_golden_apple":64,"casinocraft:rulebook_6_1":65,"dedsafio_3:cuchara":1},"minecraft:dropped":{"casinocraft:arcade_base_white":1,"modminds:pildora_del_experimento_110":49,"modminds:dedita_naranja":1,"modminds:nutritotem":1,"minecraft:diamond":6,"casinocraft:rulebook_6_1":1,"fnaf_plushie_remastered:monty_plush":1,"fnaf_plushie_remastered:purple_guy_plush":1,"fnaf_plushie_remastered:foxy_bully_plush":1,"minecraft:totem_of_undying":1,"minecraft:tripwire_hook":1,"minecraft:grass_block":1}},"DataVersion":3465}