{"stats":{"minecraft:mined":{"minecraft:crafting_table":6,"minecraft:grass_block":2,"minecraft:cobblestone":4,"minecraft:lapis_ore":2,"minecraft:sugar_cane":2,"minecraft:diorite":2,"minecraft:hay_block":10,"minecraft:furnace":7,"minecraft:iron_ore":95,"minecraft:grass":1,"minecraft:coal_ore":62,"minecraft:oak_log":37,"minecraft:gravel":7,"minecraft:dirt":3,"minecraft:stone":71,"minecraft:gold_ore":17,"minecraft:oak_leaves":4},"minecraft:custom":{"minecraft:interact_with_furnace":32,"minecraft:interact_with_crafting_table":21,"minecraft:leave_game":7,"minecraft:time_since_death":59436,"minecraft:time_since_rest":59439,"minecraft:sprint_one_cm":213922,"minecraft:damage_taken":1444,"minecraft:walk_one_cm":154695,"minecraft:drop":3,"minecraft:damage_dealt":86,"minecraft:swim_one_cm":662,"minecraft:fly_one_cm":369174,"minecraft:open_chest":1,"minecraft:crouch_one_cm":32274,"minecraft:play_time":84842,"minecraft:deaths":1,"minecraft:sneak_time":9282,"minecraft:walk_under_water_one_cm":265,"minecraft:jump":1496,"minecraft:walk_on_water_one_cm":20896,"minecraft:total_world_time":84842,"minecraft:fall_one_cm":65041},"minecraft:dropped":{"minecraft:coarse_dirt":1,"minecraft:cobblestone":1,"minecraft:dirt":2},"minecraft:crafted":{"minecraft:oak_planks":32,"minecraft:crafting_table":2,"minecraft:wooden_pickaxe":1,"minecraft:iron_helmet":1,"minecraft:iron_sword":1,"minecraft:furnace":2,"minecraft:bucket":2,"minecraft:stone_axe":1,"minecraft:bread":30,"minecraft:air":0,"minecraft:flint_and_steel":1,"minecraft:iron_boots":1,"minecraft:iron_chestplate":1,"minecraft:shield":1,"minecraft:iron_axe":1,"minecraft:stick":12,"minecraft:iron_ingot":33,"minecraft:iron_pickaxe":1,"minecraft:stone_pickaxe":1,"minecraft:iron_leggings":1,"minecraft:torch":4,"minecraft:wheat":90},"minecraft:picked_up":{"minecraft:coarse_dirt":1,"minecraft:crafting_table":6,"minecraft:cooked_beef":25,"minecraft:flint":1,"minecraft:oak_log":36,"minecraft:lapis_lazuli":16,"minecraft:dirt":5,"minecraft:apple":1,"minecraft:raw_gold":14,"minecraft:iron_ingot":11,"minecraft:sugar_cane":7,"minecraft:furnace":7,"minecraft:raw_iron":147,"minecraft:gravel":6,"minecraft:diorite":2,"minecraft:hay_block":10,"minecraft:rooted_dirt":1,"minecraft:oak_sapling":2,"minecraft:coal":159,"minecraft:cobblestone":61},"minecraft:used":{"minecraft:water_bucket":32,"minecraft:diorite":1,"minecraft:stone_pickaxe":51,"minecraft:oak_planks":9,"minecraft:wooden_pickaxe":3,"minecraft:iron_chestplate":1,"minecraft:torch":3,"minecraft:dirt":3,"minecraft:crafting_table":7,"minecraft:lava_bucket":10,"minecraft:rooted_dirt":1,"minecraft:iron_axe":2,"minecraft:bread":5,"minecraft:iron_pickaxe":213,"minecraft:iron_helmet":1,"minecraft:iron_boots":1,"minecraft:stone_axe":40,"minecraft:cobblestone":27,"minecraft:furnace":7,"minecraft:oak_sapling":2,"minecraft:bucket":43,"minecraft:cooked_beef":12,"minecraft:iron_leggings":1}},"DataVersion":3465}