{"stats":{"minecraft:mined":{"minecraft:hay_block":10,"minecraft:furnace":4,"minecraft:iron_ore":38,"minecraft:crafting_table":4,"minecraft:grass":1,"minecraft:grass_block":1,"minecraft:oak_log":37,"minecraft:coal_ore":26,"minecraft:dirt":2,"minecraft:stone":36,"minecraft:sugar_cane":2,"minecraft:oak_leaves":4},"minecraft:custom":{"minecraft:time_since_rest":47439,"minecraft:interact_with_furnace":18,"minecraft:sprint_one_cm":185563,"minecraft:damage_taken":1271,"minecraft:walk_one_cm":142608,"minecraft:drop":3,"minecraft:damage_dealt":86,"minecraft:swim_one_cm":369,"minecraft:interact_with_crafting_table":13,"minecraft:fly_one_cm":338089,"minecraft:open_chest":1,"minecraft:crouch_one_cm":25397,"minecraft:play_time":72842,"minecraft:deaths":1,"minecraft:sneak_time":6532,"minecraft:walk_under_water_one_cm":209,"minecraft:jump":1242,"minecraft:leave_game":7,"minecraft:walk_on_water_one_cm":7477,"minecraft:time_since_death":47436,"minecraft:total_world_time":72842,"minecraft:fall_one_cm":58867},"minecraft:dropped":{"minecraft:dirt":2,"minecraft:coarse_dirt":1,"minecraft:cobblestone":1},"minecraft:crafted":{"minecraft:oak_planks":32,"minecraft:shield":1,"minecraft:crafting_table":2,"minecraft:stick":12,"minecraft:iron_helmet":1,"minecraft:wooden_pickaxe":1,"minecraft:iron_ingot":5,"minecraft:iron_pickaxe":1,"minecraft:stone_pickaxe":1,"minecraft:iron_sword":1,"minecraft:furnace":2,"minecraft:bucket":1,"minecraft:stone_axe":1,"minecraft:air":0},"minecraft:picked_up":{"minecraft:crafting_table":4,"minecraft:coarse_dirt":1,"minecraft:raw_iron":38,"minecraft:cooked_beef":25,"minecraft:oak_log":36,"minecraft:dirt":3,"minecraft:apple":1,"minecraft:hay_block":10,"minecraft:iron_ingot":9,"minecraft:rooted_dirt":1,"minecraft:oak_sapling":2,"minecraft:sugar_cane":7,"minecraft:coal":50,"minecraft:cobblestone":33,"minecraft:furnace":4},"minecraft:used":{"minecraft:water_bucket":3,"minecraft:stone_pickaxe":51,"minecraft:rooted_dirt":1,"minecraft:iron_pickaxe":50,"minecraft:iron_helmet":1,"minecraft:wooden_pickaxe":3,"minecraft:stone_axe":40,"minecraft:dirt":1,"minecraft:cobblestone":1,"minecraft:crafting_table":5,"minecraft:oak_sapling":2,"minecraft:furnace":4,"minecraft:bucket":4,"minecraft:cooked_beef":11}},"DataVersion":3465}