{"stats":{"minecraft:mined":{"minecraft:iron_ore":10,"minecraft:grass_block":1,"minecraft:oak_log":5,"minecraft:coal_ore":15,"minecraft:dirt":2,"minecraft:stone":29},"minecraft:custom":{"minecraft:time_since_rest":33405,"minecraft:interact_with_furnace":12,"minecraft:sprint_one_cm":116633,"minecraft:damage_taken":952,"minecraft:walk_one_cm":126427,"minecraft:drop":2,"minecraft:damage_dealt":76,"minecraft:interact_with_crafting_table":8,"minecraft:fly_one_cm":174400,"minecraft:crouch_one_cm":20271,"minecraft:play_time":58808,"minecraft:deaths":1,"minecraft:sneak_time":4911,"minecraft:jump":650,"minecraft:leave_game":7,"minecraft:time_since_death":33402,"minecraft:walk_on_water_one_cm":2623,"minecraft:total_world_time":58808,"minecraft:fall_one_cm":28204},"minecraft:dropped":{"minecraft:dirt":2,"minecraft:coarse_dirt":1},"minecraft:crafted":{"minecraft:oak_planks":16,"minecraft:crafting_table":2,"minecraft:stick":8,"minecraft:iron_ingot":3,"minecraft:wooden_pickaxe":1,"minecraft:iron_pickaxe":1,"minecraft:stone_pickaxe":1,"minecraft:furnace":2,"minecraft:stone_axe":1,"minecraft:air":0},"minecraft:picked_up":{"minecraft:coarse_dirt":1,"minecraft:raw_iron":10,"minecraft:cooked_beef":22,"minecraft:oak_log":4,"minecraft:dirt":3,"minecraft:apple":1,"minecraft:rooted_dirt":1,"minecraft:oak_sapling":2,"minecraft:coal":15,"minecraft:cobblestone":26},"minecraft:used":{"minecraft:rooted_dirt":1,"minecraft:stone_pickaxe":51,"minecraft:wooden_pickaxe":3,"minecraft:dirt":1,"minecraft:crafting_table":2,"minecraft:furnace":2,"minecraft:cooked_beef":7}},"DataVersion":3465}