{"stats":{"minecraft:mined":{"minecraft:grass_block":1,"minecraft:dirt":2},"minecraft:custom":{"minecraft:time_since_rest":23564,"minecraft:damage_taken":622,"minecraft:crouch_one_cm":14846,"minecraft:sprint_one_cm":87428,"minecraft:play_time":48967,"minecraft:deaths":1,"minecraft:walk_one_cm":105814,"minecraft:sneak_time":2992,"minecraft:drop":2,"minecraft:jump":427,"minecraft:damage_dealt":66,"minecraft:leave_game":6,"minecraft:time_since_death":23561,"minecraft:total_world_time":48967,"minecraft:fall_one_cm":6797,"minecraft:fly_one_cm":105027},"minecraft:dropped":{"minecraft:dirt":2,"minecraft:coarse_dirt":1},"minecraft:picked_up":{"minecraft:coarse_dirt":1,"minecraft:cooked_beef":22,"minecraft:rooted_dirt":1,"minecraft:dirt":3},"minecraft:used":{"minecraft:dirt":1,"minecraft:rooted_dirt":1,"minecraft:cooked_beef":3}},"DataVersion":3465}