{"stats":{"minecraft:mined":{"minecraft:grass_block":1,"minecraft:dirt":2},"minecraft:custom":{"minecraft:time_since_rest":1431,"minecraft:damage_taken":622,"minecraft:crouch_one_cm":5231,"minecraft:sprint_one_cm":46214,"minecraft:play_time":26834,"minecraft:deaths":1,"minecraft:walk_one_cm":50348,"minecraft:sneak_time":1326,"minecraft:drop":2,"minecraft:jump":224,"minecraft:damage_dealt":66,"minecraft:leave_game":5,"minecraft:time_since_death":1428,"minecraft:total_world_time":26834,"minecraft:fall_one_cm":6379,"minecraft:fly_one_cm":59660},"minecraft:dropped":{"minecraft:dirt":2,"minecraft:coarse_dirt":1},"minecraft:picked_up":{"minecraft:coarse_dirt":1,"minecraft:cooked_beef":15,"minecraft:rooted_dirt":1,"minecraft:dirt":3},"minecraft:used":{"minecraft:dirt":1,"minecraft:rooted_dirt":1,"minecraft:cooked_beef":2}},"DataVersion":3465}