{"stats":{"minecraft:mined":{"minecraft:grass_block":1,"minecraft:dirt":2},"minecraft:custom":{"minecraft:time_since_rest":14555,"minecraft:damage_taken":622,"minecraft:crouch_one_cm":7789,"minecraft:sprint_one_cm":70473,"minecraft:play_time":39958,"minecraft:deaths":1,"minecraft:walk_one_cm":80810,"minecraft:sneak_time":2147,"minecraft:drop":2,"minecraft:jump":315,"minecraft:damage_dealt":66,"minecraft:leave_game":6,"minecraft:time_since_death":14552,"minecraft:total_world_time":39958,"minecraft:fall_one_cm":6379,"minecraft:fly_one_cm":82968},"minecraft:dropped":{"minecraft:dirt":2,"minecraft:coarse_dirt":1},"minecraft:picked_up":{"minecraft:coarse_dirt":1,"minecraft:cooked_beef":15,"minecraft:rooted_dirt":1,"minecraft:dirt":3},"minecraft:used":{"minecraft:dirt":1,"minecraft:rooted_dirt":1,"minecraft:cooked_beef":2}},"DataVersion":3465}