{"stats":{"minecraft:used":{"minecraft:cooked_porkchop":5},"minecraft:picked_up":{"minecraft:cooked_porkchop":126},"minecraft:custom":{"minecraft:jump":605,"minecraft:time_since_rest":200,"minecraft:damage_taken":1000170,"minecraft:crouch_one_cm":13583,"minecraft:leave_game":5,"minecraft:play_time":68721,"minecraft:sprint_one_cm":84632,"minecraft:time_since_death":198,"minecraft:walk_one_cm":61088,"minecraft:deaths":2,"minecraft:sneak_time":4201,"minecraft:total_world_time":68721,"minecraft:fall_one_cm":6917,"minecraft:drop":15,"minecraft:fly_one_cm":141013},"minecraft:dropped":{"minecraft:cooked_porkchop":62}},"DataVersion":3465}