{"stats":{"minecraft:used":{"minecraft:goat_horn":3,"minecraft:cooked_porkchop":5,"minecraft:cooked_beef":3},"minecraft:picked_up":{"minecraft:book":2,"minecraft:coarse_dirt":2,"minecraft:cooked_beef":32,"minecraft:cooked_porkchop":126,"minecraft:rooted_dirt":3,"minecraft:gray_concrete":3},"minecraft:custom":{"minecraft:time_since_rest":45816,"minecraft:crouch_one_cm":18332,"minecraft:deaths":2,"minecraft:sprint_one_cm":145908,"minecraft:play_time":114337,"minecraft:damage_taken":1000290,"minecraft:walk_one_cm":108725,"minecraft:sneak_time":6505,"minecraft:drop":16,"minecraft:jump":950,"minecraft:leave_game":7,"minecraft:time_since_death":45814,"minecraft:total_world_time":114337,"minecraft:fall_one_cm":8693,"minecraft:fly_one_cm":263139},"minecraft:dropped":{"minecraft:book":1,"minecraft:cooked_porkchop":62}},"DataVersion":3465}