{"stats":{"minecraft:custom":{"minecraft:time_since_rest":55062,"minecraft:damage_taken":1001001655,"minecraft:damage_absorbed":150,"minecraft:sprint_one_cm":264494,"minecraft:open_enderchest":1,"minecraft:walk_one_cm":254086,"minecraft:mob_kills":6,"minecraft:drop":89,"minecraft:damage_dealt":2680,"minecraft:swim_one_cm":15672,"minecraft:interact_with_crafting_table":1,"minecraft:fly_one_cm":702456,"minecraft:crouch_one_cm":30857,"minecraft:play_time":225761,"minecraft:deaths":5,"minecraft:sneak_time":12202,"minecraft:walk_under_water_one_cm":11407,"minecraft:jump":1578,"minecraft:leave_game":17,"minecraft:walk_on_water_one_cm":1928,"minecraft:time_since_death":55060,"minecraft:climb_one_cm":130,"minecraft:total_world_time":225761,"minecraft:fall_one_cm":12868},"minecraft:mined":{"minecraft:grass":11,"minecraft:tall_grass":2},"minecraft:used":{"minecraft:netherite_sword":61,"dedsafio3:espada":8,"minecraft:water_bucket":4,"minecraft:grass_block":1,"minecraft:barrier":24,"minecraft:spruce_trapdoor":3,"cataclysm:altar_of_fire":1,"minecraft:diamond_sword":13,"minecraft:cobblestone":4,"minecraft:dirt":13,"minecraft:goat_horn":3,"minecraft:cooked_porkchop":5,"minecraft:cooked_beef":14},"minecraft:dropped":{"minecraft:cooked_beef":369,"minecraft:diamond":5,"minecraft:cooked_porkchop":62,"minecraft:book":1,"dedsafio3:espacial_armor_boots":1,"pointblank:ak74":2,"minecraft:golden_apple":64,"cataclysm:bulwark_of_the_flame":1},"minecraft:killed_by":{"horrrs_pvz:gatling_pea_shooter":1,"dedsafio3:flachbang":1},"minecraft:killed":{"minecraft:skeleton":1,"minecraft:zombie":3,"dedsafio3:fantasmarojo":1},"minecraft:picked_up":{"minecraft:book":2,"minecraft:coarse_dirt":2,"dedsafio3:espacial_armor_helmet":1,"minecraft:cooked_beef":99,"minecraft:cooked_porkchop":126,"minecraft:golden_leggings":1,"pointblank:gunmetal_nugget":9,"dedsafio3:espacial_armor_leggings":1,"minecraft:gray_concrete":3,"minecraft:arrow":2,"minecraft:bone":2,"minecraft:rotten_flesh":8,"minecraft:diamond":59,"pointblank:ak74":1,"minecraft:wheat_seeds":1,"minecraft:soul_lantern":2,"dedsafio3:espada":1,"dedsafio3:espacial_armor_boots":3,"minecraft:golden_apple":64,"dedsafio3:espacial_armor_chestplate":1,"modminds:nutritotem":18,"minecraft:rooted_dirt":3}},"DataVersion":3465}