{"stats":{"minecraft:used":{"minecraft:cooked_beef":2,"minecraft:cooked_porkchop":5},"minecraft:picked_up":{"minecraft:book":2,"minecraft:cooked_beef":32,"minecraft:cooked_porkchop":126},"minecraft:custom":{"minecraft:time_since_rest":28440,"minecraft:damage_taken":1000190,"minecraft:leave_game":6,"minecraft:crouch_one_cm":16773,"minecraft:time_since_death":28438,"minecraft:play_time":96961,"minecraft:sprint_one_cm":137993,"minecraft:walk_one_cm":91320,"minecraft:deaths":2,"minecraft:sneak_time":5241,"minecraft:total_world_time":96961,"minecraft:fall_one_cm":8424,"minecraft:drop":16,"minecraft:fly_one_cm":214608,"minecraft:jump":893},"minecraft:dropped":{"minecraft:book":1,"minecraft:cooked_porkchop":62}},"DataVersion":3465}