{"stats":{"minecraft:used":{"minecraft:cooked_porkchop":3},"minecraft:picked_up":{"minecraft:cooked_porkchop":95},"minecraft:dropped":{"minecraft:cooked_porkchop":62},"minecraft:custom":{"minecraft:jump":277,"minecraft:time_since_rest":27845,"minecraft:crouch_one_cm":5527,"minecraft:sprint_one_cm":39193,"minecraft:play_time":27845,"minecraft:damage_taken":150,"minecraft:time_since_death":27845,"minecraft:walk_one_cm":31643,"minecraft:sneak_time":1396,"minecraft:total_world_time":27845,"minecraft:drop":15,"minecraft:fall_one_cm":5619,"minecraft:fly_one_cm":61259}},"DataVersion":3465}