{"stats":{"minecraft:used":{"minecraft:cooked_porkchop":3},"minecraft:picked_up":{"minecraft:cooked_porkchop":95},"minecraft:custom":{"minecraft:jump":472,"minecraft:time_since_rest":5884,"minecraft:damage_taken":500170,"minecraft:crouch_one_cm":6113,"minecraft:leave_game":3,"minecraft:play_time":60030,"minecraft:sprint_one_cm":67128,"minecraft:time_since_death":5882,"minecraft:walk_one_cm":51560,"minecraft:deaths":1,"minecraft:sneak_time":1920,"minecraft:total_world_time":60030,"minecraft:fall_one_cm":6650,"minecraft:drop":15,"minecraft:fly_one_cm":112626},"minecraft:dropped":{"minecraft:cooked_porkchop":62}},"DataVersion":3465}