{"stats":{"minecraft:used":{"minecraft:netherite_sword":11,"minecraft:water_bucket":4,"dedsafio3:espada":8,"minecraft:grass_block":1,"minecraft:barrier":24,"cataclysm:altar_of_fire":1,"minecraft:diamond_sword":1,"minecraft:cobblestone":4,"minecraft:dirt":13,"minecraft:goat_horn":3,"minecraft:cooked_porkchop":5,"minecraft:cooked_beef":14},"minecraft:mined":{"minecraft:grass":11,"minecraft:tall_grass":2},"minecraft:picked_up":{"minecraft:book":2,"minecraft:coarse_dirt":2,"dedsafio3:espacial_armor_helmet":1,"minecraft:cooked_beef":99,"minecraft:cooked_porkchop":126,"dedsafio3:espacial_armor_leggings":1,"minecraft:gray_concrete":3,"minecraft:diamond":59,"pointblank:ak74":1,"minecraft:wheat_seeds":1,"minecraft:soul_lantern":2,"dedsafio3:espada":1,"dedsafio3:espacial_armor_boots":3,"minecraft:golden_apple":64,"dedsafio3:espacial_armor_chestplate":1,"modminds:nutritotem":18,"minecraft:rooted_dirt":3},"minecraft:killed_by":{"horrrs_pvz:gatling_pea_shooter":1,"dedsafio3:flachbang":1},"minecraft:killed":{"dedsafio3:fantasmarojo":1},"minecraft:dropped":{"minecraft:cooked_beef":209,"minecraft:diamond":5,"minecraft:cooked_porkchop":62,"minecraft:book":1,"dedsafio3:espacial_armor_boots":1,"pointblank:ak74":2,"minecraft:golden_apple":64,"cataclysm:bulwark_of_the_flame":1},"minecraft:custom":{"minecraft:time_since_rest":20718,"minecraft:damage_taken":1001001655,"minecraft:damage_absorbed":150,"minecraft:sprint_one_cm":231143,"minecraft:open_enderchest":1,"minecraft:walk_one_cm":213609,"minecraft:mob_kills":1,"minecraft:drop":84,"minecraft:damage_dealt":415,"minecraft:swim_one_cm":15672,"minecraft:interact_with_crafting_table":1,"minecraft:fly_one_cm":599515,"minecraft:crouch_one_cm":27166,"minecraft:play_time":191417,"minecraft:deaths":5,"minecraft:sneak_time":10582,"minecraft:walk_under_water_one_cm":11407,"minecraft:jump":1425,"minecraft:leave_game":15,"minecraft:walk_on_water_one_cm":1928,"minecraft:time_since_death":20716,"minecraft:climb_one_cm":130,"minecraft:total_world_time":191417,"minecraft:fall_one_cm":12868}},"DataVersion":3465}