{"stats":{"minecraft:used":{"minecraft:cooked_beef":3,"minecraft:goat_horn":3,"minecraft:cooked_porkchop":5},"minecraft:picked_up":{"minecraft:book":2,"minecraft:cooked_beef":32,"minecraft:cooked_porkchop":126},"minecraft:custom":{"minecraft:time_since_rest":33816,"minecraft:damage_taken":1000290,"minecraft:leave_game":7,"minecraft:crouch_one_cm":17794,"minecraft:play_time":102337,"minecraft:time_since_death":33814,"minecraft:sprint_one_cm":139189,"minecraft:walk_one_cm":98254,"minecraft:deaths":2,"minecraft:sneak_time":6207,"minecraft:total_world_time":102337,"minecraft:fall_one_cm":8424,"minecraft:drop":16,"minecraft:fly_one_cm":228545,"minecraft:jump":905},"minecraft:dropped":{"minecraft:book":1,"minecraft:cooked_porkchop":62}},"DataVersion":3465}