{"stats":{"minecraft:killed_by":{"dedsafio3:flachbang":1},"minecraft:used":{"minecraft:diamond_sword":1,"minecraft:grass_block":1,"minecraft:goat_horn":3,"minecraft:cooked_porkchop":5,"minecraft:barrier":3,"minecraft:cooked_beef":3},"minecraft:picked_up":{"minecraft:book":2,"minecraft:coarse_dirt":2,"minecraft:cooked_beef":32,"minecraft:cooked_porkchop":126,"minecraft:rooted_dirt":3,"minecraft:gray_concrete":3},"minecraft:custom":{"minecraft:time_since_rest":201,"minecraft:damage_taken":1000749,"minecraft:crouch_one_cm":19096,"minecraft:open_enderchest":1,"minecraft:sprint_one_cm":172912,"minecraft:play_time":131088,"minecraft:deaths":3,"minecraft:walk_one_cm":129421,"minecraft:sneak_time":6862,"minecraft:walk_under_water_one_cm":11407,"minecraft:drop":16,"minecraft:jump":1040,"minecraft:damage_dealt":100,"minecraft:leave_game":9,"minecraft:walk_on_water_one_cm":1903,"minecraft:time_since_death":198,"minecraft:total_world_time":131088,"minecraft:swim_one_cm":15672,"minecraft:interact_with_crafting_table":1,"minecraft:fall_one_cm":10539,"minecraft:fly_one_cm":355981},"minecraft:dropped":{"minecraft:book":1,"minecraft:cooked_porkchop":62}},"DataVersion":3465}