{"stats":{"minecraft:used":{"minecraft:netherite_sword":11,"dedsafio3:espada":8,"minecraft:grass_block":1,"minecraft:barrier":24,"minecraft:diamond_sword":1,"minecraft:dirt":13,"minecraft:goat_horn":3,"minecraft:cooked_porkchop":5,"minecraft:cooked_beef":3},"minecraft:mined":{"minecraft:grass":11,"minecraft:tall_grass":2},"minecraft:picked_up":{"minecraft:book":2,"minecraft:coarse_dirt":2,"minecraft:cooked_beef":32,"dedsafio3:espacial_armor_helmet":1,"minecraft:cooked_porkchop":126,"dedsafio3:espacial_armor_leggings":1,"minecraft:gray_concrete":3,"minecraft:wheat_seeds":1,"dedsafio3:espada":1,"dedsafio3:espacial_armor_boots":3,"minecraft:golden_apple":64,"modminds:nutritotem":9,"dedsafio3:espacial_armor_chestplate":1,"minecraft:rooted_dirt":3},"minecraft:killed_by":{"dedsafio3:flachbang":1},"minecraft:killed":{"dedsafio3:fantasmarojo":1},"minecraft:dropped":{"minecraft:cooked_beef":65,"minecraft:cooked_porkchop":62,"minecraft:book":1,"dedsafio3:espacial_armor_boots":1,"minecraft:golden_apple":64},"minecraft:custom":{"minecraft:time_since_rest":13206,"minecraft:damage_taken":1001417,"minecraft:sprint_one_cm":186001,"minecraft:open_enderchest":1,"minecraft:walk_one_cm":158138,"minecraft:damage_absorbed":150,"minecraft:mob_kills":1,"minecraft:drop":20,"minecraft:damage_dealt":348,"minecraft:swim_one_cm":15672,"minecraft:interact_with_crafting_table":1,"minecraft:fly_one_cm":395722,"minecraft:crouch_one_cm":21762,"minecraft:play_time":144093,"minecraft:deaths":3,"minecraft:sneak_time":8124,"minecraft:walk_under_water_one_cm":11407,"minecraft:jump":1136,"minecraft:leave_game":11,"minecraft:walk_on_water_one_cm":1903,"minecraft:time_since_death":13203,"minecraft:total_world_time":144093,"minecraft:fall_one_cm":12601}},"DataVersion":3465}