{"stats":{"minecraft:killed_by":{"dedsafio3:flachbang":1},"minecraft:mined":{"minecraft:grass":11,"minecraft:tall_grass":2},"minecraft:used":{"dedsafio3:espada":7,"minecraft:netherite_sword":11,"minecraft:grass_block":1,"minecraft:barrier":24,"minecraft:diamond_sword":1,"minecraft:dirt":13,"minecraft:cooked_porkchop":5,"minecraft:goat_horn":3,"minecraft:cooked_beef":3},"minecraft:picked_up":{"minecraft:book":2,"minecraft:coarse_dirt":2,"minecraft:cooked_beef":32,"dedsafio3:espacial_armor_helmet":1,"minecraft:cooked_porkchop":126,"dedsafio3:espacial_armor_leggings":1,"minecraft:gray_concrete":3,"minecraft:wheat_seeds":1,"dedsafio3:espada":1,"dedsafio3:espacial_armor_boots":2,"dedsafio3:espacial_armor_chestplate":1,"modminds:nutritotem":9,"minecraft:rooted_dirt":3},"minecraft:custom":{"minecraft:time_since_rest":8480,"minecraft:damage_absorbed":150,"minecraft:walk_one_cm":152376,"minecraft:sprint_one_cm":182659,"minecraft:open_enderchest":1,"minecraft:damage_taken":1001409,"minecraft:mob_kills":1,"minecraft:drop":16,"minecraft:damage_dealt":278,"minecraft:interact_with_crafting_table":1,"minecraft:swim_one_cm":15672,"minecraft:fly_one_cm":371219,"minecraft:crouch_one_cm":21277,"minecraft:play_time":139367,"minecraft:deaths":3,"minecraft:sneak_time":7653,"minecraft:walk_under_water_one_cm":11407,"minecraft:jump":1116,"minecraft:leave_game":10,"minecraft:time_since_death":8477,"minecraft:walk_on_water_one_cm":1903,"minecraft:total_world_time":139367,"minecraft:fall_one_cm":12601},"minecraft:killed":{"dedsafio3:fantasmarojo":1},"minecraft:dropped":{"minecraft:cooked_porkchop":62,"minecraft:book":1}},"DataVersion":3465}