{"stats":{"minecraft:used":{"minecraft:netherite_sword":11,"dedsafio3:espada":8,"minecraft:grass_block":1,"minecraft:barrier":24,"minecraft:diamond_sword":1,"minecraft:dirt":13,"minecraft:goat_horn":3,"minecraft:cooked_porkchop":5,"minecraft:cooked_beef":4},"minecraft:mined":{"minecraft:grass":11,"minecraft:tall_grass":2},"minecraft:picked_up":{"minecraft:book":2,"minecraft:coarse_dirt":2,"minecraft:cooked_beef":74,"dedsafio3:espacial_armor_helmet":1,"minecraft:cooked_porkchop":126,"dedsafio3:espacial_armor_leggings":1,"minecraft:gray_concrete":3,"pointblank:ak74":1,"minecraft:wheat_seeds":1,"minecraft:soul_lantern":1,"dedsafio3:espada":1,"dedsafio3:espacial_armor_boots":3,"modminds:nutritotem":9,"dedsafio3:espacial_armor_chestplate":1,"minecraft:golden_apple":64,"minecraft:rooted_dirt":3},"minecraft:killed_by":{"dedsafio3:flachbang":1},"minecraft:killed":{"dedsafio3:fantasmarojo":1},"minecraft:dropped":{"minecraft:cooked_beef":110,"minecraft:cooked_porkchop":62,"minecraft:book":1,"dedsafio3:espacial_armor_boots":1,"pointblank:ak74":2,"minecraft:golden_apple":64,"cataclysm:bulwark_of_the_flame":1},"minecraft:custom":{"minecraft:time_since_rest":25589,"minecraft:damage_absorbed":150,"minecraft:sprint_one_cm":198024,"minecraft:open_enderchest":1,"minecraft:damage_taken":1001417,"minecraft:walk_one_cm":181639,"minecraft:mob_kills":1,"minecraft:drop":68,"minecraft:damage_dealt":348,"minecraft:swim_one_cm":15672,"minecraft:interact_with_crafting_table":1,"minecraft:fly_one_cm":411294,"minecraft:crouch_one_cm":23622,"minecraft:play_time":156476,"minecraft:deaths":3,"minecraft:sneak_time":9212,"minecraft:walk_under_water_one_cm":11407,"minecraft:jump":1209,"minecraft:leave_game":11,"minecraft:walk_on_water_one_cm":1903,"minecraft:time_since_death":25586,"minecraft:total_world_time":156476,"minecraft:fall_one_cm":12868}},"DataVersion":3465}