{"stats":{"minecraft:used":{"minecraft:cooked_porkchop":3},"minecraft:picked_up":{"minecraft:cooked_porkchop":95},"minecraft:custom":{"minecraft:jump":383,"minecraft:time_since_rest":909,"minecraft:damage_taken":500170,"minecraft:crouch_one_cm":5527,"minecraft:leave_game":3,"minecraft:play_time":55055,"minecraft:sprint_one_cm":55105,"minecraft:time_since_death":907,"minecraft:walk_one_cm":41062,"minecraft:deaths":1,"minecraft:sneak_time":1396,"minecraft:total_world_time":55055,"minecraft:fall_one_cm":6441,"minecraft:drop":15,"minecraft:fly_one_cm":96115},"minecraft:dropped":{"minecraft:cooked_porkchop":62}},"DataVersion":3465}