{"stats":{"minecraft:used":{"minecraft:cooked_porkchop":5},"minecraft:picked_up":{"minecraft:cooked_porkchop":126,"minecraft:book":1},"minecraft:custom":{"minecraft:jump":763,"minecraft:time_since_rest":16798,"minecraft:damage_taken":1000190,"minecraft:crouch_one_cm":14340,"minecraft:leave_game":5,"minecraft:play_time":85319,"minecraft:sprint_one_cm":122064,"minecraft:time_since_death":16796,"minecraft:walk_one_cm":75999,"minecraft:deaths":2,"minecraft:sneak_time":4415,"minecraft:total_world_time":85319,"minecraft:fall_one_cm":8006,"minecraft:drop":16,"minecraft:fly_one_cm":181750},"minecraft:dropped":{"minecraft:book":1,"minecraft:cooked_porkchop":62}},"DataVersion":3465}