{"stats":{"minecraft:dropped":{"dedsafio_3:fogata_spawn_egg":1,"modminds:nutritotem":19,"minecraft:tnt":1,"dedsafio_3:armadura_espacial_boots":2,"modminds:espada_infernal_curativa":2,"dedsafio_3:armadura_espacial_leggings":4,"casinocraft:rulebook_1_1":1,"dedsafio3:infernal_bull_experimental_spawn_egg":1,"dedsafio_3:armadura_espacial_helmet":2,"modminds:totem_revil":3,"minecraft:grass_block":1,"dedsafio_3:tiki_guardian_spawn_egg":1,"modminds:pildora_del_experimento_110":64,"minecraft:dirt":1,"minecraft:mutton":2,"modminds:totemeon":1,"modminds:buho_totem":3,"modminds:corazon":2,"casinocraft:rulebook_3_3":1,"dedsafio3:spawner_spawn_egg":1,"minecraft:tripwire_hook":47,"dedsafio3:bomba_a_voladora_spawn_egg":1,"modminds:totem_eon_mariposa":2,"minecraft:coarse_dirt":1,"modminds:ender_bag":1,"minecraft:enchanted_golden_apple":65,"minecraft:comparator":65,"modminds:bloqueador":1,"minecraft:totem_of_undying":7,"casinocraft:rulebook_5_1":64,"modminds:shulker_bundle_naranja":1,"modminds:shulker_bundle_cian":1,"modminds:dedita_naranja":64,"dedsafio_3:armadura_espacial_chestplate":1,"casinocraft:rulebook_6_1":64,"dedsafio3:fantasmarojo_spawn_egg":1,"minecraft:dead_brain_coral_block":1,"casinocraft:rulebook_5_2":64,"minecraft:oak_leaves":1},"minecraft:mined":{"minecraft:moss_block":1,"minecraft:spruce_button":11,"minecraft:oak_wood":1,"minecraft:tall_grass":4,"minecraft:coarse_dirt":1,"minecraft:grass":2},"minecraft:used":{"minecraft:moss_block":40,"minecraft:light_blue_stained_glass_pane":8,"casinocraft:arcade_base_brown":1,"minecraft:netherite_sword":17,"minecraft:iron_bars":21,"minecraft:orange_concrete":16,"minecraft:red_concrete":18,"minecraft:poppy":7,"minecraft:oak_sign":2,"minecraft:light_blue_terracotta":8,"minecraft:stone":8,"perfectplushies:capybara_plushie":15,"minecraft:stripped_jungle_wood":4,"minecraft:rotten_flesh":1,"dedsafio_3:fantasma_rojo_spawn_egg":1,"casinocraft:arcade_slot_white":14,"minecraft:dirt":13,"modminds:pildora_del_experimento_110":6,"dedsafio3:bomba_a_voladora_spawn_egg":1,"modminds:bars_block":72,"minecraft:oak_wood":214,"modminds:casino_spawn_egg":8,"minecraft:snowball":18,"minecraft:dead_brain_coral_block":1,"minecraft:blue_concrete":17,"dedsafio_3:casino_d_3":4,"minecraft:music_disc_relic":1,"dedsafio3:espada":3,"moa_decor_electronics:teclado_monitor_minecraft":1,"dedsafio3:fantasmarojo_spawn_egg":2,"minecraft:lava_bucket":1,"minecraft:music_disc_pigstep":1,"immersive_paintings:painting":5,"minecraft:red_wool":58,"minecraft:grass_block":14,"minecraft:rooted_dirt":18,"minecraft:spruce_button":17,"dedsafio_3:tiki_guardian_spawn_egg":1,"minecraft:dark_oak_leaves":6,"minecraft:totem_of_undying":19,"minecraft:smooth_basalt":2,"minecraft:brown_carpet":16,"minecraft:red_carpet":2,"minecraft:tripwire_hook":1,"minecraft:purple_concrete":18,"minecraft:sniffer_spawn_egg":1,"minecraft:lime_concrete":17,"minecraft:bow":44,"minecraft:white_stained_glass_pane":26,"cfm:red_sofa":32,"casinocraft:arcade_base_red":22,"minecraft:red_dye":2,"minecraft:cobbled_deepslate":16,"minecraft:enchanted_golden_apple":5,"modminds:escaleras_de_ladrillos_negros_agrietados":4,"minecraft:quartz_bricks":22,"minecraft:water_bucket":6,"minecraft:leather_leggings":1,"minecraft:spruce_door":5,"fnaf_plushie_remastered:crying_child_plush":4,"minecraft:birch_planks":1,"minecraft:polished_andesite":2,"minecraft:mangrove_planks":1,"dedsafio3:infernal_bull_experimental_spawn_egg":3,"uniquedungeons:iron_spikes":3,"minecraft:ender_pearl":2,"minecraft:leather_chestplate":1,"minecraft:white_dye":1,"casinocraft:arcade_slot_red":18,"minecraft:glow_ink_sac":3,"minecraft:leather_boots":1,"dedsafio_3:lana_arcoiris":14,"minecraft:deepslate_bricks":4,"minecraft:oak_leaves":3,"dedsafio3:blue_capsule":1,"minecraft:pink_concrete":18,"minecraft:comparator":1,"minecraft:light_blue_concrete":19,"minecraft:yellow_concrete":17,"immersive_paintings:glow_painting":2,"mofus_better_end_:void_portal_igniter":3,"minecraft:campfire":16,"minecraft:gray_concrete":1,"moa_decor_electronics:pc_gamer_morada":1,"dedsafio_3:fogata_spawn_egg":1,"minecraft:bamboo_button":3,"minecraft:dark_oak_door":4,"minecraft:yellow_dye":1,"minecraft:black_wool":13,"minecraft:black_concrete":148,"cfm:blue_sofa":2,"perfectplushies:rocris_plushie":1,"modminds:large_bars_block":22,"minecraft:stripped_jungle_log":1,"cfm:white_sofa":1,"minecraft:command_block":2,"moa_decor_electronics:laptop_negra_noticiero":1,"farmersdelight:yellow_canvas_sign":2,"minecraft:barrier":270,"minecraft:spruce_pressure_plate":7,"dedsafio3:spawner_spawn_egg":1,"casinocraft:cardtable_wide_red":21,"minecraft:leather_helmet":1,"minecraft:red_terracotta":14,"minecraft:spruce_trapdoor":15,"minecraft:oak_pressure_plate":1,"fnaf_plushie_remastered:freddy_plush":4,"minecraft:diamond_sword":6,"minecraft:stripped_oak_wood":2,"modminds:ladrillos_negros_agrietados":2,"minecraft:ice":66,"minecraft:white_concrete":2,"minecraft:coarse_dirt":10,"minecraft:jukebox":4,"minecraft:splash_potion":3},"minecraft:killed_by":{"dedsafio3:fantasmarojo":2},"minecraft:killed":{"dedsafio3:spawner":1,"dedsafio3:infernal_bull_experimental":2,"creeperoverhaul:bamboo_creeper":8,"minecraft:skeleton":1,"dedsafio_3:fogata":1,"dedsafio_3:fantasma_rojo":1,"minecraft:skeleton_horse":4,"minecraft:ocelot":1,"minecraft:husk":7,"minecraft:sniffer":1,"minecraft:sheep":1,"minecraft:zombie":4,"dedsafio_3:creeper_cake":2},"minecraft:custom":{"minecraft:mob_kills":40,"minecraft:leave_game":36,"minecraft:time_since_death":194934,"minecraft:climb_one_cm":13,"minecraft:damage_resisted":2147483647,"minecraft:sprint_one_cm":318519,"minecraft:walk_one_cm":600106,"minecraft:drop":87,"minecraft:play_time":730998,"minecraft:deaths":12,"minecraft:sneak_time":17601,"minecraft:walk_under_water_one_cm":31302,"minecraft:jump":2064,"minecraft:walk_on_water_one_cm":7905,"minecraft:total_world_time":730998,"minecraft:play_record":2,"minecraft:time_since_rest":194937,"minecraft:damage_absorbed":1843,"minecraft:damage_taken":2147483647,"minecraft:damage_dealt":4243,"minecraft:swim_one_cm":3479,"minecraft:fly_one_cm":3680992,"minecraft:crouch_one_cm":19932,"minecraft:fall_one_cm":32215},"minecraft:picked_up":{"minecraft:coarse_dirt":2,"minecraft:leather_leggings":1,"minecraft:diamond_sword":1,"modminds:casino_spawn_egg":1,"dedsafio3:spawner_spawn_egg":2,"casinocraft:rulebook_1_1":7,"pointblank:p90":1,"minecraft:comparator":66,"minecraft:netherite_sword":1,"dedsafio_3:fantasma_rojo_spawn_egg":1,"minecraft:rose_bush":4,"minecraft:enchanted_golden_apple":64,"minecraft:poppy":2,"casinocraft:rulebook_6_1":64,"dedsafio3:bomba_a_voladora_spawn_egg":2,"cataclysm:wither_assault_shoulder_weapon":1,"minecraft:stone":1,"pointblank:gunmetal_nugget":11,"minecraft:music_disc_pigstep":1,"modminds:shulker_bundle_naranja":1,"dedsafio_3:fogata_spawn_egg":2,"casinocraft:rulebook_5_1":128,"casinocraft:rulebook_5_2":128,"minecraft:brown_carpet":14,"minecraft:bamboo_button":1,"minecraft:tnt":1,"modminds:corazon":63,"minecraft:rotten_flesh":6,"dedsafio_3:armadura_espacial_helmet":3,"modminds:totemeon":1,"minecraft:totem_of_undying":10,"minecraft:mutton":2,"minecraft:white_wool":2,"dedsafio_3:armadura_espacial_leggings":7,"minecraft:leather_chestplate":1,"casinocraft:rulebook_3_3":1,"minecraft:tripwire_hook":55,"modminds:dedita_naranja":123,"modminds:buho_totem":3,"dedsafio3:bomba_n_voladora_spawn_egg":1,"minecraft:potato":1,"minecraft:dirt":52,"minecraft:leather_boots":1,"minecraft:bone":4,"dedsafio_3:armadura_espacial_boots":3,"modminds:pildora_del_experimento_110":49,"minecraft:bow":1,"dedsafio3:fantasmarojo_spawn_egg":2,"modminds:nutritotem":13,"minecraft:bamboo":5,"minecraft:moss_block":1,"modminds:shulker_bundle_cian":1,"modminds:totem_revil":3,"dedsafio_3:armadura_espacial_chestplate":2,"modminds:espada_infernal_curativa":2,"modminds:ender_bag":1,"modminds:totem_eon_mariposa":2,"minecraft:lava_bucket":1,"minecraft:spruce_door":2,"minecraft:leather_helmet":1,"minecraft:oak_wood":1,"dedsafio_3:tiki_guardian_spawn_egg":2,"minecraft:stripped_jungle_wood":1,"dedsafio_3:tiki_spawn_egg":1,"minecraft:spruce_button":14,"dedsafio3:infernal_bull_experimental_spawn_egg":2,"pointblank:uar10":1}},"DataVersion":3465}