{"stats":{"minecraft:picked_up":{"minecraft:coarse_dirt":6,"minecraft:black_carpet":1,"minecraft:leather_leggings":1,"minecraft:diamond_sword":2,"cfm:red_sofa":1,"modminds:casino_spawn_egg":1,"dedsafio3:espacial_armor_leggings":1,"dedsafio3:spawner_spawn_egg":2,"minecraft:zombie_head":1,"casinocraft:rulebook_1_1":7,"minecraft:comparator":66,"minecraft:diamond_leggings":1,"pointblank:p90":1,"minecraft:cobbled_deepslate":3,"minecraft:netherite_sword":1,"minecraft:beef":6,"minecraft:rose_bush":4,"minecraft:enchanted_golden_apple":64,"minecraft:poppy":2,"casinocraft:rulebook_6_1":64,"dedsafio3:bomba_a_voladora_spawn_egg":2,"cataclysm:wither_assault_shoulder_weapon":1,"minecraft:stone":1,"pointblank:gunmetal_nugget":18,"minecraft:music_disc_pigstep":1,"modminds:shulker_bundle_naranja":1,"casinocraft:rulebook_5_1":128,"casinocraft:rulebook_5_2":128,"minecraft:brown_carpet":17,"minecraft:bamboo_button":1,"minecraft:tnt":1,"modminds:corazon":63,"minecraft:rotten_flesh":20,"minecraft:diamond_chestplate":1,"modminds:totemeon":2,"boxing_madness:boxing_glove":5,"minecraft:diamond_boots":1,"dedsafio3:espacial_armor_boots":1,"minecraft:totem_of_undying":11,"minecraft:mutton":2,"minecraft:white_wool":2,"minecraft:cobblestone":17,"minecraft:barrier":2,"minecraft:leather_chestplate":1,"minecraft:cooked_beef":235,"casinocraft:rulebook_3_3":1,"minecraft:tripwire_hook":55,"minecraft:water_bucket":1,"modminds:dedita_naranja":123,"modminds:buho_totem":3,"minecraft:leather":4,"dedsafio3:bomba_n_voladora_spawn_egg":1,"minecraft:potato":1,"minecraft:dirt":226,"minecraft:leather_boots":1,"minecraft:bone":4,"dedsafio3:bomba_bloqueador":1,"modminds:pildora_del_experimento_110":49,"minecraft:bow":1,"minecraft:wheat_seeds":3,"dedsafio3:fantasmarojo_spawn_egg":2,"modminds:nutritotem":55,"minecraft:diamond_helmet":1,"minecraft:bamboo":5,"minecraft:moss_block":1,"modminds:shulker_bundle_cian":1,"minecraft:book":18,"modminds:totem_revil":3,"modminds:espada_infernal_curativa":2,"modminds:ender_bag":1,"dedsafio3:espacial_armor_helmet":1,"minecraft:cooked_porkchop":159,"modminds:totem_eon_mariposa":2,"minecraft:lava_bucket":1,"minecraft:spruce_door":2,"minecraft:leather_helmet":1,"minecraft:quartz_bricks":1,"minecraft:oak_wood":1,"minecraft:yellow_carpet":1,"minecraft:diamond":5,"minecraft:stripped_jungle_wood":1,"dedsafio3:espacial_armor_chestplate":1,"minecraft:bread":58,"minecraft:spruce_button":14,"dedsafio3:infernal_bull_experimental_spawn_egg":2,"minecraft:oak_button":3,"minecraft:brown_banner":15,"pointblank:uar10":1},"minecraft:used":{"minecraft:oak_fence":2,"minecraft:moss_block":48,"casinocraft:arcade_base_brown":1,"minecraft:light_blue_stained_glass_pane":8,"minecraft:netherite_sword":33,"minecraft:iron_bars":22,"minecraft:orange_concrete":16,"dedsafio3:revil_spawn_egg":2,"minecraft:red_concrete":18,"dedsafio3:tiki_guardian_spawn_egg":1,"minecraft:spruce_slab":92,"armoroftheages:o_yoroi_armor_head":1,"minecraft:oak_sign":2,"minecraft:poppy":7,"minecraft:light_blue_terracotta":8,"minecraft:black_carpet":6,"minecraft:spruce_planks":11,"minecraft:chest":5,"minecraft:stone":22,"minecraft:stripped_jungle_wood":4,"perfectplushies:capybara_plushie":15,"minecraft:rotten_flesh":1,"moa_decor_electronics:teclado_monitor_youtube":1,"minecraft:soul_campfire":2,"modminds:pildora_del_experimento_110":6,"minecraft:dirt":297,"casinocraft:arcade_slot_white":14,"modminds:bars_block":72,"minecraft:oak_wood":251,"minecraft:snowball":18,"minecraft:yellow_carpet":4,"perfectplushies:frog_plushie":1,"minecraft:dead_brain_coral_block":1,"moa_decor_electronics:c_playstation_5":1,"minecraft:spruce_stairs":22,"dedsafio3:bomba_a_voladora_spawn_egg":1,"minecraft:jungle_slab":3,"dedsafio3:revil_boss_spawn_egg":2,"modminds:casino_spawn_egg":9,"minecraft:spruce_fence":23,"minecraft:blue_concrete":17,"minecraft:stripped_spruce_log":19,"minecraft:obsidian":2,"minecraft:music_disc_relic":1,"endertrigon:baby_dragon_egg":1,"dedsafio3:espada":37,"moa_decor_electronics:teclado_monitor_minecraft":1,"moa_decor_electronics:reloj_despertador_rojo":2,"handcrafted:crimson_bench":12,"dedsafio3:fantasmarojo_spawn_egg":5,"minecraft:lava_bucket":1,"minecraft:music_disc_pigstep":1,"immersive_paintings:painting":27,"minecraft:red_wool":64,"minecraft:grass_block":96,"dedsafio3:healingsword":23,"minecraft:oak_stairs":2,"minecraft:rooted_dirt":19,"minecraft:spruce_button":17,"minecraft:spawner":1,"dedsafio3:espacial_armor_boots":2,"minecraft:dark_oak_leaves":6,"minecraft:totem_of_undying":19,"minecraft:smooth_basalt":2,"minecraft:magma_block":21,"minecraft:sniffer_spawn_egg":1,"minecraft:red_carpet":2,"minecraft:tripwire_hook":1,"minecraft:purple_concrete":18,"minecraft:brown_carpet":52,"minecraft:lime_concrete":17,"minecraft:bow":44,"minecraft:beef":3,"minecraft:white_stained_glass_pane":64,"cfm:red_sofa":43,"casinocraft:arcade_base_red":22,"minecraft:cooked_beef":1,"minecraft:red_dye":2,"minecraft:cobbled_deepslate":77,"minecraft:enchanted_golden_apple":5,"modminds:escaleras_de_ladrillos_negros_agrietados":4,"fnaf_plushie_remastered:scraptrap_plush":1,"minecraft:water_bucket":6,"dedsafio3:flachbang_spawn_egg":3,"horrrs_pvz:gatling_peashooter_card":5,"minecraft:quartz_bricks":25,"minecraft:cooked_mutton":2,"minecraft:mossy_stone_bricks":1,"minecraft:leather_leggings":1,"minecraft:spruce_door":5,"dedsafio3:casino_dedsafio_spawn_egg":1,"fnaf_plushie_remastered:crying_child_plush":4,"minecraft:birch_planks":1,"minecraft:polished_andesite":56,"minecraft:mangrove_planks":1,"dedsafio3:infernal_bull_experimental_spawn_egg":5,"uniquedungeons:iron_spikes":3,"minecraft:ender_pearl":2,"minecraft:leather_chestplate":1,"minecraft:white_dye":1,"minecraft:stripped_mangrove_wood":1,"casinocraft:arcade_slot_red":18,"armoroftheages:o_yoroi_armor_feet":1,"minecraft:glow_ink_sac":3,"minecraft:leather_boots":1,"boxing_madness:boxing_glove":5,"minecraft:deepslate_bricks":5,"dedsafio3:espacial_armor_leggings":2,"dedsafio3:blue_capsule":1,"minecraft:oak_leaves":8,"minecraft:pink_concrete":18,"minecraft:golden_apple":6,"armoroftheages:o_yoroi_armor_chest":1,"minecraft:polished_deepslate_slab":1,"dedsafio3:espacial_armor_chestplate":2,"minecraft:lime_terracotta":1,"minecraft:light_blue_concrete":19,"minecraft:comparator":1,"minecraft:brown_banner":23,"dedsafio3:rana_gigante_spawn_egg":2,"minecraft:yellow_concrete":17,"mofus_better_end_:void_portal_igniter":3,"minecraft:white_bed":2,"immersive_paintings:glow_painting":2,"minecraft:campfire":20,"minecraft:gray_concrete":1,"minecraft:bamboo_button":3,"moa_decor_electronics:pc_gamer_morada":1,"dedsafio3:bomba_n_voladora_spawn_egg":2,"minecraft:warped_planks":17,"minecraft:black_wool":13,"armoroftheages:o_yoroi_armor_legs":1,"minecraft:dark_oak_door":5,"minecraft:yellow_dye":1,"minecraft:oak_log":2,"dedsafio3:runa_red":2,"minecraft:black_concrete":173,"cfm:blue_sofa":2,"perfectplushies:rocris_plushie":1,"modminds:large_bars_block":22,"dedsafio3:taxi_23_spawn_egg":4,"minecraft:stripped_jungle_log":1,"cfm:white_sofa":1,"minecraft:command_block":3,"farmersdelight:yellow_canvas_sign":2,"dedsafio3:ojon_spawn_egg":2,"moa_decor_electronics:laptop_negra_noticiero":1,"minecraft:barrier":441,"minecraft:oak_button":9,"minecraft:pig_spawn_egg":1,"minecraft:spruce_pressure_plate":11,"dedsafio3:spawner_spawn_egg":1,"horrrs_pvz:chomper_card":2,"casinocraft:cardtable_wide_red":21,"minecraft:leather_helmet":1,"minecraft:red_terracotta":21,"minecraft:spruce_trapdoor":71,"dedsafio3:espacial_armor_helmet":2,"minecraft:oak_pressure_plate":1,"minecraft:polished_andesite_slab":12,"minecraft:soul_lantern":3,"fnaf_plushie_remastered:freddy_plush":6,"minecraft:diamond_sword":6,"minecraft:cobblestone":19,"minecraft:potion":1,"minecraft:stripped_oak_wood":2,"modminds:ladrillos_negros_agrietados":2,"dedsafio3:hydra_spawn_egg":2,"minecraft:andesite":46,"moa_decor_electronics:pc_gamer_verde_lima":2,"minecraft:ice":66,"minecraft:white_concrete":2,"minecraft:coarse_dirt":125,"dedsafio3:rana_spawn_egg":3,"minecraft:splash_potion":3,"minecraft:jukebox":4},"minecraft:mined":{"minecraft:grass_block":1,"minecraft:moss_block":1,"minecraft:spruce_button":11,"minecraft:oak_wood":1,"minecraft:tall_grass":18,"minecraft:coarse_dirt":1,"minecraft:grass":5,"minecraft:dirt":1,"minecraft:oak_button":1},"minecraft:killed":{"dedsafio3:spawner":1,"dedsafio3:rana_gigante":2,"dedsafio3:revil_boss":1,"horrrs_pvz:chomper":2,"dedsafio3:revil":2,"dedsafio3:infernal_bull_experimental":4,"creeperoverhaul:bamboo_creeper":8,"minecraft:skeleton":2,"minecraft:skeleton_horse":4,"minecraft:ocelot":1,"minecraft:husk":7,"dedsafio3:rana":3,"minecraft:sniffer":1,"horrrs_pvz:gatling_pea_shooter":3,"dedsafio3:taxi_23":1,"dedsafio3:casino_dedsafio":1,"minecraft:sheep":1,"minecraft:zombie":5,"dedsafio3:bomba_r_voladora":1,"dedsafio3:fantasmarojo":2,"dedsafio3:hydra":2,"minecraft:cow":1},"minecraft:killed_by":{"minecraft:player":1,"dedsafio3:fantasmarojo":2},"minecraft:custom":{"minecraft:mob_kills":72,"minecraft:damage_dealt_resisted":45,"minecraft:leave_game":67,"minecraft:time_since_death":10508,"minecraft:climb_one_cm":13,"minecraft:damage_resisted":2147483647,"minecraft:sprint_one_cm":566379,"minecraft:walk_one_cm":1448197,"minecraft:drop":232,"minecraft:play_time":1356430,"minecraft:deaths":21,"minecraft:sneak_time":39359,"minecraft:walk_under_water_one_cm":72900,"minecraft:jump":4005,"minecraft:walk_on_water_one_cm":21372,"minecraft:total_world_time":1356430,"minecraft:play_record":2,"minecraft:time_since_rest":10516,"minecraft:open_enderchest":2,"minecraft:damage_taken":2147483647,"minecraft:damage_absorbed":3347,"minecraft:damage_dealt":9703,"minecraft:swim_one_cm":9252,"minecraft:fly_one_cm":7267679,"minecraft:player_kills":1,"minecraft:open_chest":5,"minecraft:crouch_one_cm":95843,"minecraft:fall_one_cm":45534},"minecraft:dropped":{"minecraft:bread":122,"modminds:nutritotem":73,"minecraft:wheat_seeds":1,"minecraft:cooked_beef":153,"minecraft:tnt":1,"minecraft:cooked_porkchop":239,"modminds:espada_infernal_curativa":2,"minecraft:book":13,"dedsafio3:espacial_armor_chestplate":2,"casinocraft:rulebook_1_1":1,"dedsafio3:espacial_armor_boots":3,"dedsafio3:infernal_bull_experimental_spawn_egg":1,"modminds:totem_revil":3,"minecraft:grass_block":1,"minecraft:yellow_carpet":1,"minecraft:leather_helmet":1,"boxing_madness:boxing_glove":4,"dedsafio3:bomba_bloqueador":1,"modminds:pildora_del_experimento_110":64,"minecraft:dirt":32,"minecraft:mutton":2,"modminds:totemeon":1,"modminds:buho_totem":3,"minecraft:wooden_sword":1,"modminds:corazon":2,"casinocraft:rulebook_3_3":1,"dedsafio3:spawner_spawn_egg":1,"minecraft:tripwire_hook":47,"dedsafio3:bomba_a_voladora_spawn_egg":1,"modminds:totem_eon_mariposa":2,"dedsafio3:espada":1,"minecraft:coarse_dirt":1,"modminds:ender_bag":1,"minecraft:rotten_flesh":8,"minecraft:enchanted_golden_apple":65,"minecraft:comparator":65,"modminds:bloqueador":1,"minecraft:totem_of_undying":11,"casinocraft:rulebook_5_1":64,"pointblank:gunmetal_nugget":4,"modminds:shulker_bundle_cian":1,"modminds:shulker_bundle_naranja":1,"minecraft:leather_chestplate":1,"dedsafio3:espacial_armor_helmet":2,"modminds:dedita_naranja":64,"casinocraft:rulebook_6_1":64,"minecraft:leather_boots":1,"minecraft:leather_leggings":1,"dedsafio3:fantasmarojo_spawn_egg":1,"dedsafio3:espacial_armor_leggings":2,"minecraft:dead_brain_coral_block":1,"casinocraft:rulebook_5_2":64,"minecraft:oak_leaves":1}},"DataVersion":3465}