{"stats":{"minecraft:mined":{"minecraft:birch_log":6},"minecraft:custom":{"minecraft:jump":232,"minecraft:time_since_rest":21784,"minecraft:damage_taken":344,"minecraft:crouch_one_cm":3390,"minecraft:leave_game":2,"minecraft:play_time":26215,"minecraft:sprint_one_cm":40214,"minecraft:time_since_death":21778,"minecraft:walk_one_cm":49933,"minecraft:deaths":1,"minecraft:sneak_time":581,"minecraft:total_world_time":26215,"minecraft:fall_one_cm":14153,"minecraft:fly_one_cm":67835},"minecraft:killed_by":{"minecraft:skeleton":1},"minecraft:picked_up":{"minecraft:cooked_beef":12,"minecraft:birch_log":6},"minecraft:used":{"minecraft:cooked_beef":2}},"DataVersion":3465}