{"stats":{"minecraft:custom":{"minecraft:jump":120,"minecraft:time_since_rest":15784,"minecraft:damage_taken":254,"minecraft:crouch_one_cm":2928,"minecraft:leave_game":2,"minecraft:play_time":20215,"minecraft:sprint_one_cm":20165,"minecraft:time_since_death":15778,"minecraft:walk_one_cm":41564,"minecraft:deaths":1,"minecraft:sneak_time":334,"minecraft:total_world_time":20215,"minecraft:fly_one_cm":25726},"minecraft:killed_by":{"minecraft:skeleton":1},"minecraft:picked_up":{"minecraft:cooked_beef":12}},"DataVersion":3465}