{"stats":{"minecraft:mined":{"minecraft:smoker":1,"minecraft:brewing_stand":1,"minecraft:crafting_table":3,"minecraft:granite":2,"minecraft:grass_block":2,"minecraft:cobblestone":8,"minecraft:lapis_ore":7,"minecraft:diorite":5,"minecraft:wall_torch":2,"minecraft:hay_block":47,"minecraft:redstone_ore":4,"minecraft:furnace":2,"minecraft:birch_log":13,"minecraft:iron_ore":92,"minecraft:wheat":1,"minecraft:grass":11,"minecraft:coal_ore":74,"minecraft:dirt":6,"minecraft:stone":45,"minecraft:gold_ore":6,"minecraft:orange_bed":3},"minecraft:custom":{"minecraft:interact_with_furnace":21,"minecraft:interact_with_crafting_table":13,"minecraft:leave_game":2,"minecraft:time_since_death":51778,"minecraft:time_since_rest":51784,"minecraft:sprint_one_cm":123500,"minecraft:damage_taken":644,"minecraft:walk_one_cm":133323,"minecraft:drop":7,"minecraft:damage_dealt":145,"minecraft:fly_one_cm":156550,"minecraft:open_chest":3,"minecraft:crouch_one_cm":10554,"minecraft:play_time":56215,"minecraft:deaths":1,"minecraft:sneak_time":2953,"minecraft:walk_under_water_one_cm":154,"minecraft:jump":752,"minecraft:walk_on_water_one_cm":2710,"minecraft:total_world_time":56215,"minecraft:fall_one_cm":27375},"minecraft:killed_by":{"minecraft:skeleton":1},"minecraft:dropped":{"minecraft:wheat_seeds":2,"minecraft:wooden_pickaxe":1,"minecraft:orange_bed":2,"minecraft:birch_log":2},"minecraft:crafted":{"minecraft:crafting_table":1,"minecraft:wooden_pickaxe":1,"minecraft:iron_helmet":1,"minecraft:iron_sword":1,"minecraft:furnace":2,"minecraft:birch_planks":28,"minecraft:stone_axe":1,"minecraft:air":0,"minecraft:iron_chestplate":1,"minecraft:shield":1,"minecraft:stick":20,"minecraft:iron_ingot":26,"minecraft:iron_pickaxe":1,"minecraft:stone_pickaxe":1,"minecraft:stone_sword":1,"minecraft:iron_leggings":1,"minecraft:torch":36},"minecraft:picked_up":{"minecraft:birch_log":13,"minecraft:crafting_table":3,"minecraft:cooked_beef":12,"minecraft:wooden_pickaxe":1,"minecraft:smoker":1,"minecraft:brewing_stand":1,"minecraft:lapis_lazuli":50,"minecraft:dirt":10,"minecraft:wheat_seeds":2,"minecraft:raw_gold":6,"minecraft:furnace":2,"minecraft:raw_iron":92,"minecraft:torch":3,"minecraft:diorite":5,"minecraft:redstone":18,"minecraft:orange_bed":3,"minecraft:hay_block":46,"minecraft:granite":2,"minecraft:coal":112,"minecraft:cobblestone":56},"minecraft:used":{"minecraft:diorite":5,"minecraft:stone_sword":5,"minecraft:stone_pickaxe":94,"minecraft:wooden_pickaxe":18,"minecraft:iron_chestplate":1,"minecraft:torch":25,"minecraft:dirt":10,"minecraft:crafting_table":3,"minecraft:granite":2,"minecraft:iron_pickaxe":136,"minecraft:iron_helmet":1,"minecraft:stone_axe":12,"minecraft:cobblestone":23,"minecraft:furnace":3,"minecraft:cooked_beef":7,"minecraft:iron_leggings":1}},"DataVersion":3465}