{"stats":{"minecraft:mined":{"minecraft:hay_block":47,"minecraft:iron_ore":26,"minecraft:birch_log":13,"minecraft:wheat":1,"minecraft:smoker":1,"minecraft:brewing_stand":1,"minecraft:crafting_table":1,"minecraft:grass":11,"minecraft:grass_block":2,"minecraft:coal_ore":51,"minecraft:dirt":6,"minecraft:stone":32,"minecraft:orange_bed":3},"minecraft:custom":{"minecraft:time_since_rest":39784,"minecraft:interact_with_furnace":15,"minecraft:sprint_one_cm":81848,"minecraft:damage_taken":427,"minecraft:walk_one_cm":106020,"minecraft:drop":5,"minecraft:damage_dealt":145,"minecraft:interact_with_crafting_table":12,"minecraft:fly_one_cm":116277,"minecraft:open_chest":3,"minecraft:crouch_one_cm":7384,"minecraft:play_time":44215,"minecraft:deaths":1,"minecraft:sneak_time":2025,"minecraft:jump":493,"minecraft:leave_game":2,"minecraft:time_since_death":39778,"minecraft:walk_on_water_one_cm":263,"minecraft:total_world_time":44215,"minecraft:fall_one_cm":19412},"minecraft:killed_by":{"minecraft:skeleton":1},"minecraft:dropped":{"minecraft:wheat_seeds":2,"minecraft:wooden_pickaxe":1,"minecraft:orange_bed":2},"minecraft:crafted":{"minecraft:iron_chestplate":1,"minecraft:shield":1,"minecraft:crafting_table":1,"minecraft:stick":20,"minecraft:iron_pickaxe":1,"minecraft:iron_ingot":19,"minecraft:wooden_pickaxe":1,"minecraft:stone_pickaxe":1,"minecraft:iron_leggings":1,"minecraft:stone_sword":1,"minecraft:furnace":2,"minecraft:torch":36,"minecraft:birch_planks":28,"minecraft:stone_axe":1,"minecraft:air":0},"minecraft:picked_up":{"minecraft:birch_log":13,"minecraft:raw_iron":26,"minecraft:crafting_table":1,"minecraft:cooked_beef":12,"minecraft:wooden_pickaxe":1,"minecraft:smoker":1,"minecraft:brewing_stand":1,"minecraft:dirt":10,"minecraft:orange_bed":3,"minecraft:wheat_seeds":2,"minecraft:hay_block":46,"minecraft:coal":51,"minecraft:cobblestone":35},"minecraft:used":{"minecraft:stone_sword":5,"minecraft:stone_pickaxe":94,"minecraft:wooden_pickaxe":18,"minecraft:iron_chestplate":1,"minecraft:stone_axe":10,"minecraft:torch":1,"minecraft:dirt":10,"minecraft:crafting_table":2,"minecraft:furnace":2,"minecraft:cooked_beef":4,"minecraft:iron_leggings":1}},"DataVersion":3465}