{"stats":{"minecraft:custom":{"minecraft:jump":433,"minecraft:time_since_rest":23065,"minecraft:damage_dealt":100,"minecraft:crouch_one_cm":1068,"minecraft:leave_game":1,"minecraft:play_time":23065,"minecraft:sprint_one_cm":31709,"minecraft:damage_taken":311,"minecraft:time_since_death":23065,"minecraft:walk_one_cm":57912,"minecraft:sneak_time":246,"minecraft:total_world_time":23065,"minecraft:drop":5,"minecraft:fall_one_cm":1262,"minecraft:fly_one_cm":92503},"minecraft:used":{"minecraft:cooked_beef":4},"minecraft:dropped":{"minecraft:cooked_beef":5},"minecraft:picked_up":{"minecraft:cooked_beef":64}},"DataVersion":3465}