{"stats":{"minecraft:mined":{"minecraft:coarse_dirt":1},"minecraft:custom":{"minecraft:jump":799,"minecraft:time_since_rest":62334,"minecraft:damage_dealt":153,"minecraft:damage_taken":635,"minecraft:crouch_one_cm":2705,"minecraft:leave_game":6,"minecraft:play_time":62334,"minecraft:sprint_one_cm":53910,"minecraft:time_since_death":62334,"minecraft:walk_one_cm":122239,"minecraft:sneak_time":756,"minecraft:total_world_time":62334,"minecraft:fall_one_cm":2479,"minecraft:drop":25,"minecraft:fly_one_cm":156292},"minecraft:dropped":{"minecraft:cooked_beef":25},"minecraft:picked_up":{"minecraft:coarse_dirt":2,"minecraft:cooked_beef":79},"minecraft:used":{"minecraft:cooked_beef":9,"minecraft:coarse_dirt":1}},"DataVersion":3465}