{"stats":{"minecraft:mined":{"minecraft:coarse_dirt":1},"minecraft:custom":{"minecraft:jump":717,"minecraft:time_since_rest":49903,"minecraft:damage_dealt":153,"minecraft:damage_taken":635,"minecraft:crouch_one_cm":2545,"minecraft:leave_game":5,"minecraft:play_time":49903,"minecraft:sprint_one_cm":49413,"minecraft:time_since_death":49903,"minecraft:walk_one_cm":98541,"minecraft:sneak_time":725,"minecraft:total_world_time":49903,"minecraft:fall_one_cm":2479,"minecraft:drop":25,"minecraft:fly_one_cm":145561},"minecraft:dropped":{"minecraft:cooked_beef":25},"minecraft:picked_up":{"minecraft:coarse_dirt":2,"minecraft:cooked_beef":79},"minecraft:used":{"minecraft:cooked_beef":8,"minecraft:coarse_dirt":1}},"DataVersion":3465}