{"stats":{"minecraft:mined":{"minecraft:coarse_dirt":1},"minecraft:custom":{"minecraft:jump":945,"minecraft:time_since_rest":71200,"minecraft:damage_dealt":153,"minecraft:damage_taken":635,"minecraft:crouch_one_cm":2898,"minecraft:leave_game":6,"minecraft:play_time":71200,"minecraft:sprint_one_cm":65740,"minecraft:time_since_death":71200,"minecraft:walk_one_cm":140858,"minecraft:sneak_time":811,"minecraft:total_world_time":71200,"minecraft:fall_one_cm":2688,"minecraft:drop":68,"minecraft:fly_one_cm":193629},"minecraft:dropped":{"minecraft:coarse_dirt":1,"minecraft:cooked_beef":67},"minecraft:picked_up":{"minecraft:coarse_dirt":2,"minecraft:cooked_beef":79},"minecraft:used":{"minecraft:cooked_beef":9,"minecraft:coarse_dirt":1}},"DataVersion":3465}