{"stats":{"minecraft:mined":{"minecraft:oak_log":6,"minecraft:coarse_dirt":1,"minecraft:oak_leaves":1},"minecraft:custom":{"minecraft:time_since_rest":77200,"minecraft:crouch_one_cm":2900,"minecraft:sprint_one_cm":80613,"minecraft:play_time":77200,"minecraft:damage_taken":795,"minecraft:walk_one_cm":150809,"minecraft:sneak_time":831,"minecraft:drop":68,"minecraft:jump":1093,"minecraft:damage_dealt":153,"minecraft:leave_game":6,"minecraft:time_since_death":77200,"minecraft:walk_on_water_one_cm":1432,"minecraft:total_world_time":77200,"minecraft:fall_one_cm":21754,"minecraft:fly_one_cm":253954},"minecraft:dropped":{"minecraft:cooked_beef":67,"minecraft:coarse_dirt":1},"minecraft:picked_up":{"minecraft:coarse_dirt":2,"minecraft:cooked_beef":79,"minecraft:oak_log":6},"minecraft:used":{"minecraft:cooked_beef":12,"minecraft:coarse_dirt":1}},"DataVersion":3465}