{"stats":{"minecraft:mined":{"minecraft:coarse_dirt":1,"minecraft:furnace":1,"minecraft:melon_stem":4,"minecraft:iron_ore":7,"minecraft:wheat":63,"minecraft:crafting_table":3,"minecraft:grass":26,"minecraft:acacia_log":18,"minecraft:grass_block":6,"minecraft:oak_log":6,"minecraft:coal_ore":4,"minecraft:melon":3,"minecraft:dirt":10,"minecraft:tall_grass":1,"minecraft:stone":38,"minecraft:oak_leaves":1},"minecraft:custom":{"minecraft:time_since_rest":10656,"minecraft:interact_with_furnace":33,"minecraft:sprint_one_cm":119554,"minecraft:damage_taken":1433,"minecraft:walk_one_cm":183166,"minecraft:mob_kills":3,"minecraft:drop":72,"minecraft:damage_dealt":372,"minecraft:swim_one_cm":278,"minecraft:interact_with_crafting_table":12,"minecraft:fly_one_cm":341916,"minecraft:crouch_one_cm":6161,"minecraft:play_time":93536,"minecraft:deaths":1,"minecraft:sneak_time":2300,"minecraft:walk_under_water_one_cm":644,"minecraft:jump":1439,"minecraft:leave_game":7,"minecraft:time_since_death":10654,"minecraft:walk_on_water_one_cm":5637,"minecraft:total_world_time":93536,"minecraft:fall_one_cm":38902},"minecraft:killed_by":{"minecraft:player":1},"minecraft:dropped":{"minecraft:cooked_beef":70,"minecraft:coarse_dirt":1,"minecraft:wooden_pickaxe":1},"minecraft:killed":{"minecraft:sheep":2,"minecraft:cow":1},"minecraft:crafted":{"minecraft:cooked_beef":3,"minecraft:oak_planks":24,"minecraft:crafting_table":4,"minecraft:stick":28,"minecraft:wooden_pickaxe":2,"minecraft:iron_ingot":1,"minecraft:stone_pickaxe":2,"minecraft:stone_sword":1,"minecraft:furnace":1,"minecraft:acacia_planks":52,"minecraft:stone_axe":2,"minecraft:air":0},"minecraft:picked_up":{"minecraft:crafting_table":1,"minecraft:raw_iron":5,"minecraft:coarse_dirt":2,"minecraft:wheat":25,"minecraft:cooked_beef":88,"minecraft:leather":2,"minecraft:wooden_pickaxe":1,"minecraft:acacia_log":17,"minecraft:oak_log":6,"minecraft:dirt":14,"minecraft:stone_sword":1,"minecraft:wheat_seeds":55,"minecraft:beef":3,"minecraft:melon_slice":17,"minecraft:melon_seeds":6,"minecraft:mutton":2,"minecraft:coal":5,"minecraft:white_wool":2,"minecraft:cobblestone":38,"minecraft:furnace":1},"minecraft:used":{"minecraft:wheat_seeds":28,"minecraft:stone_sword":34,"minecraft:stone_pickaxe":19,"minecraft:wooden_pickaxe":33,"minecraft:stone_axe":60,"minecraft:dirt":4,"minecraft:cobblestone":5,"minecraft:crafting_table":4,"minecraft:furnace":1,"minecraft:cooked_beef":15,"minecraft:coarse_dirt":1}},"DataVersion":3465}