{"stats":{"minecraft:mined":{"minecraft:tuff":5,"minecraft:melon_stem":4,"minecraft:crafting_table":4,"minecraft:acacia_log":18,"minecraft:grass_block":6,"minecraft:melon":3,"minecraft:tall_grass":1,"minecraft:coarse_dirt":1,"minecraft:furnace":4,"minecraft:iron_ore":56,"minecraft:wheat":63,"minecraft:grass":26,"minecraft:coal_ore":52,"minecraft:oak_log":6,"minecraft:dirt":10,"minecraft:gravel":1,"minecraft:stone":76,"minecraft:deepslate":30,"minecraft:oak_leaves":1},"minecraft:custom":{"minecraft:interact_with_furnace":61,"minecraft:mob_kills":3,"minecraft:interact_with_crafting_table":19,"minecraft:leave_game":7,"minecraft:time_since_death":22654,"minecraft:time_since_rest":22656,"minecraft:sprint_one_cm":141867,"minecraft:damage_taken":1523,"minecraft:walk_one_cm":200290,"minecraft:drop":74,"minecraft:damage_dealt":372,"minecraft:swim_one_cm":278,"minecraft:fly_one_cm":362594,"minecraft:crouch_one_cm":10540,"minecraft:play_time":105536,"minecraft:deaths":1,"minecraft:sneak_time":4061,"minecraft:walk_under_water_one_cm":644,"minecraft:jump":1598,"minecraft:walk_on_water_one_cm":8330,"minecraft:total_world_time":105536,"minecraft:fall_one_cm":43199},"minecraft:killed_by":{"minecraft:player":1},"minecraft:killed":{"minecraft:sheep":2,"minecraft:cow":1},"minecraft:dropped":{"minecraft:cooked_beef":70,"minecraft:coarse_dirt":1,"minecraft:stone_sword":1,"minecraft:stone_pickaxe":1,"minecraft:wooden_pickaxe":1},"minecraft:crafted":{"minecraft:cooked_beef":3,"minecraft:oak_planks":24,"minecraft:crafting_table":4,"minecraft:wooden_pickaxe":2,"minecraft:furnace":3,"minecraft:stone_axe":2,"minecraft:bread":4,"minecraft:air":0,"minecraft:iron_chestplate":1,"minecraft:shield":1,"minecraft:iron_axe":1,"minecraft:stick":28,"minecraft:iron_ingot":24,"minecraft:iron_pickaxe":1,"minecraft:stone_pickaxe":2,"minecraft:stone_sword":1,"minecraft:iron_leggings":1,"minecraft:acacia_planks":52,"minecraft:torch":24},"minecraft:picked_up":{"minecraft:coarse_dirt":2,"minecraft:crafting_table":2,"minecraft:wheat":25,"minecraft:cooked_beef":88,"minecraft:leather":2,"minecraft:wooden_pickaxe":1,"minecraft:tuff":5,"minecraft:oak_log":6,"minecraft:dirt":14,"minecraft:wheat_seeds":55,"minecraft:cobbled_deepslate":29,"minecraft:beef":3,"minecraft:melon_slice":17,"minecraft:furnace":4,"minecraft:raw_iron":54,"minecraft:torch":1,"minecraft:acacia_log":17,"minecraft:gravel":2,"minecraft:stone_sword":1,"minecraft:melon_seeds":6,"minecraft:mutton":2,"minecraft:coal":53,"minecraft:white_wool":2,"minecraft:cobblestone":76},"minecraft:used":{"minecraft:wheat_seeds":28,"minecraft:stone_sword":34,"minecraft:stone_pickaxe":84,"minecraft:wooden_pickaxe":33,"minecraft:torch":18,"minecraft:dirt":7,"minecraft:crafting_table":5,"minecraft:iron_axe":1,"minecraft:iron_pickaxe":109,"minecraft:gravel":2,"minecraft:stone_axe":60,"minecraft:cobblestone":16,"minecraft:furnace":4,"minecraft:cobbled_deepslate":1,"minecraft:cooked_beef":17,"minecraft:coarse_dirt":1,"minecraft:acacia_planks":7}},"DataVersion":3465}