{"stats":{"minecraft:custom":{"minecraft:jump":47,"minecraft:time_since_rest":492,"minecraft:damage_taken":60,"minecraft:crouch_one_cm":987,"minecraft:leave_game":2,"minecraft:play_time":26595,"minecraft:sprint_one_cm":16709,"minecraft:time_since_death":490,"minecraft:walk_one_cm":22336,"minecraft:deaths":1,"minecraft:sneak_time":199,"minecraft:total_world_time":26595,"minecraft:fall_one_cm":858,"minecraft:fly_one_cm":13843},"minecraft:picked_up":{"minecraft:totem_of_undying":2}},"DataVersion":3465}