{"stats":{"minecraft:used":{"minecraft:leather_leggings":3,"minecraft:leather_helmet":3,"minecraft:leather_chestplate":3,"minecraft:leather_boots":3},"minecraft:custom":{"minecraft:time_since_rest":3245,"minecraft:sprint_one_cm":32627,"minecraft:crouch_one_cm":2938,"minecraft:play_time":38463,"minecraft:deaths":3,"minecraft:damage_taken":1000060,"minecraft:walk_one_cm":33509,"minecraft:sneak_time":1114,"minecraft:jump":88,"minecraft:leave_game":5,"minecraft:time_since_death":3243,"minecraft:total_world_time":38463,"minecraft:fall_one_cm":858,"minecraft:fly_one_cm":23480},"minecraft:picked_up":{"minecraft:book":3,"minecraft:wooden_sword":3,"minecraft:leather_chestplate":3,"minecraft:leather_boots":3,"minecraft:cooked_porkchop":48,"minecraft:leather_leggings":3,"minecraft:totem_of_undying":2,"minecraft:leather_helmet":3}},"DataVersion":3465}