{"stats":{"minecraft:used":{"minecraft:leather_leggings":3,"minecraft:leather_chestplate":3,"minecraft:leather_helmet":3,"minecraft:leather_boots":3},"minecraft:custom":{"minecraft:time_since_rest":12039,"minecraft:sprint_one_cm":37404,"minecraft:crouch_one_cm":3332,"minecraft:play_time":47257,"minecraft:deaths":3,"minecraft:damage_taken":1000060,"minecraft:walk_one_cm":42799,"minecraft:sneak_time":1206,"minecraft:jump":136,"minecraft:leave_game":6,"minecraft:time_since_death":12037,"minecraft:total_world_time":47257,"minecraft:fall_one_cm":1067,"minecraft:fly_one_cm":32430},"minecraft:picked_up":{"minecraft:book":3,"minecraft:wooden_sword":3,"minecraft:leather_chestplate":3,"minecraft:leather_boots":3,"minecraft:cooked_porkchop":48,"minecraft:leather_leggings":3,"minecraft:totem_of_undying":2,"minecraft:leather_helmet":3}},"DataVersion":3465}