{"stats":{"minecraft:used":{"minecraft:leather_leggings":2,"minecraft:leather_chestplate":2,"minecraft:leather_helmet":2,"minecraft:leather_boots":2},"minecraft:custom":{"minecraft:time_since_rest":200,"minecraft:sprint_one_cm":25923,"minecraft:crouch_one_cm":2938,"minecraft:play_time":35418,"minecraft:deaths":3,"minecraft:damage_taken":1000060,"minecraft:walk_one_cm":32659,"minecraft:sneak_time":1114,"minecraft:jump":72,"minecraft:leave_game":4,"minecraft:time_since_death":198,"minecraft:total_world_time":35418,"minecraft:fall_one_cm":858,"minecraft:fly_one_cm":19081},"minecraft:picked_up":{"minecraft:book":2,"minecraft:wooden_sword":2,"minecraft:leather_chestplate":2,"minecraft:leather_boots":2,"minecraft:cooked_porkchop":32,"minecraft:leather_leggings":2,"minecraft:totem_of_undying":2,"minecraft:leather_helmet":2}},"DataVersion":3465}