{"stats":{"minecraft:used":{"minecraft:bread":3},"minecraft:custom":{"minecraft:jump":318,"minecraft:time_since_rest":19719,"minecraft:walk_on_water_one_cm":570,"minecraft:crouch_one_cm":2317,"minecraft:open_enderchest":2,"minecraft:sprint_one_cm":46072,"minecraft:play_time":19719,"minecraft:damage_taken":50,"minecraft:time_since_death":19719,"minecraft:walk_one_cm":31897,"minecraft:sneak_time":887,"minecraft:total_world_time":19719,"minecraft:fall_one_cm":5311,"minecraft:fly_one_cm":82144},"minecraft:picked_up":{"minecraft:bread":64,"minecraft:totem_of_undying":2}},"DataVersion":3465}