{"stats":{"minecraft:mined":{"minecraft:grass_block":1,"minecraft:dirt":2,"minecraft:brown_carpet":2,"minecraft:rooted_dirt":3},"minecraft:custom":{"minecraft:time_since_rest":24788,"minecraft:damage_taken":342,"minecraft:open_enderchest":2,"minecraft:crouch_one_cm":19745,"minecraft:play_time":76789,"minecraft:sprint_one_cm":131359,"minecraft:deaths":2,"minecraft:walk_one_cm":142707,"minecraft:sneak_time":5249,"minecraft:drop":2,"minecraft:jump":1497,"minecraft:damage_dealt":52,"minecraft:leave_game":8,"minecraft:time_since_death":24785,"minecraft:walk_on_water_one_cm":1127,"minecraft:total_world_time":76789,"minecraft:fall_one_cm":24754,"minecraft:fly_one_cm":282809},"minecraft:dropped":{"minecraft:bread":1,"minecraft:yellow_carpet":1},"minecraft:picked_up":{"minecraft:brown_carpet":2,"minecraft:cooked_beef":64,"minecraft:yellow_carpet":3,"minecraft:totem_of_undying":6,"minecraft:bread":181,"minecraft:rooted_dirt":3,"minecraft:dirt":3},"minecraft:used":{"minecraft:dirt":3,"minecraft:brown_carpet":2,"minecraft:rooted_dirt":3,"minecraft:bread":13,"minecraft:yellow_carpet":1,"minecraft:cooked_beef":2}},"DataVersion":3465}