{"stats":{"minecraft:used":{"minecraft:bread":12},"minecraft:custom":{"minecraft:jump":1169,"minecraft:time_since_rest":7496,"minecraft:damage_taken":300,"minecraft:leave_game":5,"minecraft:open_enderchest":2,"minecraft:play_time":59497,"minecraft:crouch_one_cm":19259,"minecraft:time_since_death":7493,"minecraft:walk_one_cm":101924,"minecraft:sprint_one_cm":102513,"minecraft:deaths":2,"minecraft:walk_on_water_one_cm":1127,"minecraft:sneak_time":5017,"minecraft:total_world_time":59497,"minecraft:fall_one_cm":24545,"minecraft:drop":2,"minecraft:fly_one_cm":199317},"minecraft:dropped":{"minecraft:yellow_carpet":1,"minecraft:bread":1},"minecraft:picked_up":{"minecraft:bread":181,"minecraft:totem_of_undying":6,"minecraft:yellow_carpet":3}},"DataVersion":3465}