{"stats":{"minecraft:used":{"minecraft:bread":5},"minecraft:custom":{"minecraft:jump":627,"minecraft:time_since_rest":37719,"minecraft:walk_on_water_one_cm":570,"minecraft:crouch_one_cm":8411,"minecraft:open_enderchest":2,"minecraft:sprint_one_cm":67546,"minecraft:play_time":37719,"minecraft:damage_taken":70,"minecraft:time_since_death":37719,"minecraft:walk_one_cm":75457,"minecraft:sneak_time":1674,"minecraft:total_world_time":37719,"minecraft:fall_one_cm":5715,"minecraft:fly_one_cm":110972},"minecraft:picked_up":{"minecraft:bread":64,"minecraft:totem_of_undying":2}},"DataVersion":3465}