{"stats":{"minecraft:mined":{"minecraft:grass_block":1,"minecraft:dirt":2,"minecraft:brown_carpet":2,"minecraft:rooted_dirt":3},"minecraft:custom":{"minecraft:time_since_rest":46752,"minecraft:damage_taken":342,"minecraft:open_enderchest":2,"minecraft:crouch_one_cm":20602,"minecraft:play_time":98753,"minecraft:sprint_one_cm":145275,"minecraft:deaths":2,"minecraft:walk_one_cm":181736,"minecraft:sneak_time":5518,"minecraft:drop":3,"minecraft:jump":1634,"minecraft:damage_dealt":52,"minecraft:leave_game":9,"minecraft:time_since_death":46749,"minecraft:walk_on_water_one_cm":1127,"minecraft:total_world_time":98753,"minecraft:fall_one_cm":24963,"minecraft:fly_one_cm":306503},"minecraft:dropped":{"minecraft:bread":1,"minecraft:totem_of_undying":1,"minecraft:yellow_carpet":1},"minecraft:picked_up":{"minecraft:brown_carpet":2,"minecraft:cooked_beef":99,"minecraft:yellow_carpet":3,"minecraft:totem_of_undying":7,"minecraft:bread":181,"minecraft:rooted_dirt":3,"minecraft:dirt":3},"minecraft:used":{"minecraft:dirt":3,"minecraft:brown_carpet":2,"minecraft:rooted_dirt":3,"minecraft:bread":13,"minecraft:yellow_carpet":1,"minecraft:cooked_beef":3}},"DataVersion":3465}