{"stats":{"minecraft:custom":{"minecraft:time_since_rest":15874,"minecraft:damage_taken":312,"minecraft:crouch_one_cm":19259,"minecraft:sprint_one_cm":120908,"minecraft:play_time":67875,"minecraft:open_enderchest":2,"minecraft:deaths":2,"minecraft:walk_one_cm":127159,"minecraft:sneak_time":5067,"minecraft:drop":2,"minecraft:jump":1353,"minecraft:leave_game":6,"minecraft:walk_on_water_one_cm":1127,"minecraft:time_since_death":15871,"minecraft:total_world_time":67875,"minecraft:fall_one_cm":24545,"minecraft:fly_one_cm":237072},"minecraft:used":{"minecraft:dirt":3,"minecraft:brown_carpet":2,"minecraft:rooted_dirt":2,"minecraft:bread":13,"minecraft:yellow_carpet":1,"minecraft:cooked_beef":1},"minecraft:mined":{"minecraft:grass_block":1,"minecraft:dirt":2,"minecraft:brown_carpet":2,"minecraft:rooted_dirt":2},"minecraft:dropped":{"minecraft:bread":1,"minecraft:yellow_carpet":1},"minecraft:picked_up":{"minecraft:brown_carpet":2,"minecraft:cooked_beef":64,"minecraft:yellow_carpet":3,"minecraft:totem_of_undying":6,"minecraft:bread":181,"minecraft:rooted_dirt":2,"minecraft:dirt":3}},"DataVersion":3465}