{"stats":{"minecraft:used":{"minecraft:bread":6},"minecraft:custom":{"minecraft:jump":829,"minecraft:time_since_rest":201,"minecraft:damage_taken":130,"minecraft:open_enderchest":2,"minecraft:leave_game":4,"minecraft:time_since_death":198,"minecraft:crouch_one_cm":18898,"minecraft:play_time":52202,"minecraft:walk_one_cm":92571,"minecraft:sprint_one_cm":78419,"minecraft:deaths":2,"minecraft:walk_on_water_one_cm":570,"minecraft:sneak_time":4797,"minecraft:total_world_time":52202,"minecraft:drop":1,"minecraft:fall_one_cm":9309,"minecraft:fly_one_cm":141083},"minecraft:dropped":{"minecraft:yellow_carpet":1},"minecraft:picked_up":{"minecraft:bread":122,"minecraft:totem_of_undying":4,"minecraft:yellow_carpet":2}},"DataVersion":3465}