{"stats":{"minecraft:used":{"minecraft:bread":6},"minecraft:custom":{"minecraft:jump":716,"minecraft:time_since_rest":45159,"minecraft:leave_game":1,"minecraft:walk_on_water_one_cm":570,"minecraft:crouch_one_cm":10551,"minecraft:open_enderchest":2,"minecraft:sprint_one_cm":70532,"minecraft:play_time":45159,"minecraft:damage_taken":70,"minecraft:time_since_death":45159,"minecraft:walk_one_cm":85998,"minecraft:sneak_time":2193,"minecraft:total_world_time":45159,"minecraft:fall_one_cm":5715,"minecraft:fly_one_cm":116947},"minecraft:picked_up":{"minecraft:bread":64,"minecraft:totem_of_undying":2}},"DataVersion":3465}