{"stats":{"minecraft:mined":{"minecraft:grass_block":4,"minecraft:coarse_dirt":2,"minecraft:campfire":1,"minecraft:brown_carpet":1,"minecraft:rooted_dirt":1},"minecraft:custom":{"minecraft:time_since_rest":2929,"minecraft:damage_taken":820,"minecraft:crouch_one_cm":7799,"minecraft:sprint_one_cm":22259,"minecraft:play_time":41211,"minecraft:deaths":1,"minecraft:walk_one_cm":140654,"minecraft:sneak_time":2986,"minecraft:drop":8,"minecraft:jump":128,"minecraft:damage_dealt":404,"minecraft:leave_game":5,"minecraft:time_since_death":2927,"minecraft:total_world_time":41211,"minecraft:fall_one_cm":6789,"minecraft:fly_one_cm":20472},"minecraft:dropped":{"minecraft:cooked_beef":8},"minecraft:picked_up":{"minecraft:brown_carpet":1,"minecraft:charcoal":2,"minecraft:coarse_dirt":1,"minecraft:cooked_beef":37,"minecraft:dirt":3},"minecraft:used":{"minecraft:dirt":3,"minecraft:cooked_beef":3,"minecraft:coarse_dirt":1}},"DataVersion":3465}