{"stats":{"minecraft:custom":{"minecraft:jump":80,"minecraft:time_since_rest":16913,"minecraft:damage_dealt":200,"minecraft:crouch_one_cm":948,"minecraft:leave_game":1,"minecraft:play_time":16913,"minecraft:sprint_one_cm":10937,"minecraft:damage_taken":105,"minecraft:time_since_death":16913,"minecraft:walk_one_cm":68132,"minecraft:sneak_time":341,"minecraft:total_world_time":16913,"minecraft:fly_one_cm":14385},"minecraft:used":{"minecraft:cooked_beef":1},"minecraft:mined":{"minecraft:brown_carpet":1,"minecraft:campfire":1,"minecraft:grass_block":1},"minecraft:picked_up":{"minecraft:brown_carpet":1,"minecraft:charcoal":2,"minecraft:cooked_beef":37,"minecraft:dirt":1}},"DataVersion":3465}