{"stats":{"minecraft:mined":{"minecraft:oak_log":2,"minecraft:grass_block":4,"minecraft:coarse_dirt":2,"minecraft:campfire":1,"minecraft:brown_carpet":1,"minecraft:rooted_dirt":1},"minecraft:custom":{"minecraft:time_since_rest":30692,"minecraft:damage_taken":980,"minecraft:crouch_one_cm":16417,"minecraft:sprint_one_cm":65064,"minecraft:play_time":68974,"minecraft:deaths":1,"minecraft:walk_one_cm":199006,"minecraft:sneak_time":6117,"minecraft:drop":9,"minecraft:jump":351,"minecraft:damage_dealt":404,"minecraft:leave_game":6,"minecraft:walk_on_water_one_cm":1025,"minecraft:time_since_death":30690,"minecraft:total_world_time":68974,"minecraft:fall_one_cm":23284,"minecraft:fly_one_cm":89075},"minecraft:dropped":{"minecraft:cooked_beef":9},"minecraft:picked_up":{"minecraft:brown_carpet":1,"minecraft:charcoal":2,"minecraft:coarse_dirt":2,"minecraft:cooked_beef":74,"minecraft:oak_log":2,"minecraft:dirt":3},"minecraft:used":{"minecraft:dirt":3,"minecraft:cooked_beef":5,"minecraft:coarse_dirt":1}},"DataVersion":3465}