{"stats":{"minecraft:mined":{"minecraft:coarse_dirt":2,"minecraft:melon_stem":1,"minecraft:iron_ore":6,"minecraft:brown_carpet":1,"minecraft:crafting_table":2,"minecraft:torch":1,"minecraft:grass":26,"minecraft:grass_block":10,"minecraft:oak_log":13,"minecraft:coal_ore":9,"minecraft:dirt":13,"minecraft:sand":1,"minecraft:campfire":1,"minecraft:stone":35,"minecraft:rooted_dirt":1},"minecraft:custom":{"minecraft:time_since_rest":48453,"minecraft:interact_with_furnace":5,"minecraft:sprint_one_cm":127761,"minecraft:damage_taken":1673,"minecraft:walk_one_cm":260614,"minecraft:mob_kills":2,"minecraft:drop":10,"minecraft:damage_dealt":790,"minecraft:swim_one_cm":263,"minecraft:interact_with_crafting_table":4,"minecraft:fly_one_cm":158293,"minecraft:crouch_one_cm":20067,"minecraft:play_time":86735,"minecraft:deaths":1,"minecraft:sneak_time":7874,"minecraft:walk_under_water_one_cm":178,"minecraft:jump":659,"minecraft:leave_game":7,"minecraft:time_since_death":48451,"minecraft:walk_on_water_one_cm":3795,"minecraft:total_world_time":86735,"minecraft:fall_one_cm":37094},"minecraft:dropped":{"minecraft:cooked_beef":9,"minecraft:cobblestone":1},"minecraft:killed":{"minecraft:sheep":2},"minecraft:crafted":{"minecraft:oak_planks":52,"minecraft:stone_shovel":1,"minecraft:crafting_table":1,"minecraft:stick":16,"minecraft:wooden_pickaxe":1,"minecraft:stone_pickaxe":1,"minecraft:stone_sword":1,"minecraft:torch":16,"minecraft:stone_axe":1},"minecraft:picked_up":{"minecraft:raw_iron":5,"minecraft:charcoal":2,"minecraft:crafting_table":2,"minecraft:coarse_dirt":2,"minecraft:cooked_beef":74,"minecraft:torch":1,"minecraft:sand":1,"minecraft:oak_log":13,"minecraft:dirt":24,"minecraft:brown_carpet":1,"minecraft:orange_bed":1,"minecraft:wheat_seeds":2,"minecraft:mutton":4,"minecraft:coal":9,"minecraft:white_wool":2,"minecraft:cobblestone":34},"minecraft:used":{"minecraft:stone_sword":3,"minecraft:stone_pickaxe":48,"minecraft:stone_shovel":16,"minecraft:wooden_pickaxe":5,"minecraft:stone_axe":11,"minecraft:dirt":3,"minecraft:cobblestone":5,"minecraft:crafting_table":2,"minecraft:cooked_beef":14,"minecraft:coarse_dirt":1}},"DataVersion":3465}