{"stats":{"minecraft:mined":{"minecraft:grass_block":4,"minecraft:coarse_dirt":2,"minecraft:campfire":1,"minecraft:brown_carpet":1,"minecraft:rooted_dirt":1},"minecraft:custom":{"minecraft:time_since_rest":15648,"minecraft:damage_taken":820,"minecraft:crouch_one_cm":12847,"minecraft:sprint_one_cm":28861,"minecraft:play_time":53930,"minecraft:deaths":1,"minecraft:walk_one_cm":165906,"minecraft:sneak_time":5237,"minecraft:drop":8,"minecraft:jump":186,"minecraft:damage_dealt":404,"minecraft:leave_game":6,"minecraft:time_since_death":15646,"minecraft:total_world_time":53930,"minecraft:fall_one_cm":6789,"minecraft:fly_one_cm":32153},"minecraft:dropped":{"minecraft:cooked_beef":8},"minecraft:picked_up":{"minecraft:brown_carpet":1,"minecraft:charcoal":2,"minecraft:coarse_dirt":1,"minecraft:cooked_beef":37,"minecraft:dirt":3},"minecraft:used":{"minecraft:dirt":3,"minecraft:cooked_beef":3,"minecraft:coarse_dirt":1}},"DataVersion":3465}