{"stats":{"minecraft:mined":{"minecraft:coarse_dirt":2,"minecraft:furnace":4,"minecraft:melon_stem":1,"minecraft:iron_ore":39,"minecraft:brown_carpet":1,"minecraft:crafting_table":4,"minecraft:torch":1,"minecraft:grass":26,"minecraft:grass_block":10,"minecraft:oak_log":13,"minecraft:coal_ore":41,"minecraft:dirt":13,"minecraft:sand":1,"minecraft:campfire":1,"minecraft:stone":62,"minecraft:wall_torch":2,"minecraft:diorite":1,"minecraft:rooted_dirt":1},"minecraft:custom":{"minecraft:time_since_rest":60453,"minecraft:interact_with_furnace":56,"minecraft:sprint_one_cm":160494,"minecraft:damage_taken":1763,"minecraft:walk_one_cm":282633,"minecraft:mob_kills":2,"minecraft:drop":10,"minecraft:damage_dealt":795,"minecraft:swim_one_cm":263,"minecraft:interact_with_crafting_table":17,"minecraft:fly_one_cm":182731,"minecraft:open_chest":2,"minecraft:crouch_one_cm":24235,"minecraft:play_time":98735,"minecraft:deaths":1,"minecraft:sneak_time":9210,"minecraft:walk_under_water_one_cm":178,"minecraft:jump":810,"minecraft:leave_game":7,"minecraft:time_since_death":60451,"minecraft:walk_on_water_one_cm":4787,"minecraft:total_world_time":98735,"minecraft:fall_one_cm":42017},"minecraft:dropped":{"minecraft:cooked_beef":9,"minecraft:cobblestone":1},"minecraft:killed":{"minecraft:sheep":2},"minecraft:crafted":{"minecraft:oak_planks":52,"minecraft:stone_shovel":1,"minecraft:iron_chestplate":1,"minecraft:shield":1,"minecraft:crafting_table":1,"minecraft:stick":20,"minecraft:iron_sword":1,"minecraft:iron_pickaxe":1,"minecraft:iron_ingot":17,"minecraft:wooden_pickaxe":1,"minecraft:stone_pickaxe":1,"minecraft:stone_sword":1,"minecraft:furnace":4,"minecraft:bucket":1,"minecraft:torch":16,"minecraft:stone_axe":1,"minecraft:air":0},"minecraft:picked_up":{"minecraft:raw_iron":52,"minecraft:charcoal":2,"minecraft:crafting_table":4,"minecraft:coarse_dirt":2,"minecraft:cooked_beef":74,"minecraft:torch":3,"minecraft:sand":1,"minecraft:oak_log":13,"minecraft:dirt":24,"minecraft:brown_carpet":1,"minecraft:orange_bed":1,"minecraft:wheat_seeds":2,"minecraft:iron_ingot":1,"minecraft:mutton":4,"minecraft:coal":50,"minecraft:white_wool":2,"minecraft:cobblestone":53,"minecraft:furnace":3},"minecraft:used":{"minecraft:stone_sword":3,"minecraft:stone_pickaxe":74,"minecraft:stone_shovel":16,"minecraft:iron_pickaxe":72,"minecraft:wooden_pickaxe":5,"minecraft:iron_chestplate":1,"minecraft:torch":6,"minecraft:stone_axe":13,"minecraft:dirt":18,"minecraft:cobblestone":10,"minecraft:crafting_table":5,"minecraft:furnace":7,"minecraft:bucket":1,"minecraft:cooked_beef":16,"minecraft:coarse_dirt":1}},"DataVersion":3465}