{"stats":{"minecraft:mined":{"minecraft:grass_block":4,"minecraft:coarse_dirt":2,"minecraft:campfire":1,"minecraft:brown_carpet":1,"minecraft:rooted_dirt":1},"minecraft:custom":{"minecraft:time_since_rest":24692,"minecraft:damage_taken":820,"minecraft:crouch_one_cm":16304,"minecraft:sprint_one_cm":39956,"minecraft:play_time":62974,"minecraft:deaths":1,"minecraft:walk_one_cm":189187,"minecraft:sneak_time":6053,"minecraft:drop":9,"minecraft:jump":230,"minecraft:damage_dealt":404,"minecraft:leave_game":6,"minecraft:time_since_death":24690,"minecraft:total_world_time":62974,"minecraft:fall_one_cm":6789,"minecraft:fly_one_cm":40490},"minecraft:dropped":{"minecraft:cooked_beef":9},"minecraft:picked_up":{"minecraft:brown_carpet":1,"minecraft:charcoal":2,"minecraft:coarse_dirt":2,"minecraft:cooked_beef":74,"minecraft:dirt":3},"minecraft:used":{"minecraft:dirt":3,"minecraft:cooked_beef":4,"minecraft:coarse_dirt":1}},"DataVersion":3465}