{"stats":{"minecraft:mined":{"minecraft:oak_log":2},"minecraft:custom":{"minecraft:jump":188,"minecraft:time_since_rest":26380,"minecraft:walk_on_water_one_cm":1534,"minecraft:damage_taken":214,"minecraft:crouch_one_cm":2225,"minecraft:leave_game":1,"minecraft:play_time":26380,"minecraft:sprint_one_cm":27265,"minecraft:time_since_death":26380,"minecraft:walk_one_cm":49598,"minecraft:sneak_time":179,"minecraft:total_world_time":26380,"minecraft:fall_one_cm":19411,"minecraft:drop":6,"minecraft:fly_one_cm":60473,"minecraft:damage_dealt":82},"minecraft:dropped":{"minecraft:coarse_dirt":1,"minecraft:cooked_beef":5},"minecraft:picked_up":{"minecraft:coarse_dirt":1,"minecraft:cooked_beef":37,"minecraft:oak_log":2},"minecraft:used":{"minecraft:cooked_beef":3}},"DataVersion":3465}