{"stats":{"minecraft:mined":{"minecraft:iron_ore":3,"minecraft:crafting_table":1,"minecraft:grass":4,"minecraft:grass_block":2,"minecraft:oak_log":3,"minecraft:coal_ore":10,"minecraft:dirt_path":1,"minecraft:sand":2,"minecraft:dirt":8,"minecraft:stone":18,"minecraft:diorite":9},"minecraft:custom":{"minecraft:time_since_rest":44150,"minecraft:interact_with_furnace":15,"minecraft:sprint_one_cm":84227,"minecraft:damage_taken":737,"minecraft:walk_one_cm":100922,"minecraft:mob_kills":2,"minecraft:drop":7,"minecraft:damage_dealt":1174,"minecraft:swim_one_cm":1150,"minecraft:interact_with_crafting_table":3,"minecraft:fly_one_cm":156741,"minecraft:player_kills":1,"minecraft:crouch_one_cm":7461,"minecraft:play_time":44150,"minecraft:sneak_time":2034,"minecraft:walk_under_water_one_cm":652,"minecraft:jump":676,"minecraft:leave_game":2,"minecraft:time_since_death":44150,"minecraft:walk_on_water_one_cm":4244,"minecraft:total_world_time":44150,"minecraft:fall_one_cm":39499},"minecraft:dropped":{"minecraft:cooked_beef":5,"minecraft:coarse_dirt":1,"minecraft:wooden_pickaxe":1},"minecraft:killed":{"minecraft:sheep":1,"minecraft:cow":1},"minecraft:crafted":{"minecraft:oak_planks":12,"minecraft:stick":8,"minecraft:wooden_pickaxe":1,"minecraft:iron_ingot":3,"minecraft:stone_pickaxe":1,"minecraft:stone_axe":1,"minecraft:air":0},"minecraft:picked_up":{"minecraft:coarse_dirt":1,"minecraft:raw_iron":5,"minecraft:crafting_table":2,"minecraft:cooked_beef":41,"minecraft:leather":2,"minecraft:wooden_pickaxe":1,"minecraft:oak_log":3,"minecraft:diorite":9,"minecraft:dirt":7,"minecraft:wheat_seeds":2,"minecraft:beef":1,"minecraft:mutton":1,"minecraft:coal":9,"minecraft:white_wool":1,"minecraft:cobblestone":15},"minecraft:used":{"minecraft:diorite":1,"minecraft:stone_pickaxe":32,"minecraft:wooden_pickaxe":11,"minecraft:stone_axe":15,"minecraft:dirt":7,"minecraft:cooked_beef":11}},"DataVersion":3465}