{"stats":{"minecraft:custom":{"minecraft:jump":13,"minecraft:time_since_rest":20380,"minecraft:crouch_one_cm":1942,"minecraft:leave_game":1,"minecraft:play_time":20380,"minecraft:sprint_one_cm":7122,"minecraft:time_since_death":20380,"minecraft:walk_one_cm":34479,"minecraft:sneak_time":145,"minecraft:total_world_time":20380,"minecraft:drop":6,"minecraft:fly_one_cm":3541},"minecraft:dropped":{"minecraft:coarse_dirt":1,"minecraft:cooked_beef":5},"minecraft:picked_up":{"minecraft:coarse_dirt":1,"minecraft:cooked_beef":37}},"DataVersion":3465}