{"stats":{"minecraft:mined":{"minecraft:furnace":1,"minecraft:iron_ore":33,"minecraft:torch":1,"minecraft:crafting_table":1,"minecraft:grass":4,"minecraft:grass_block":2,"minecraft:oak_log":3,"minecraft:coal_ore":10,"minecraft:dirt_path":1,"minecraft:sand":2,"minecraft:dirt":10,"minecraft:cobblestone":2,"minecraft:stone":32,"minecraft:wall_torch":1,"minecraft:diorite":9,"minecraft:spawner":1},"minecraft:custom":{"minecraft:time_since_rest":56150,"minecraft:interact_with_furnace":55,"minecraft:sprint_one_cm":128706,"minecraft:damage_taken":887,"minecraft:walk_one_cm":120583,"minecraft:mob_kills":2,"minecraft:drop":11,"minecraft:damage_dealt":1180,"minecraft:swim_one_cm":1150,"minecraft:interact_with_crafting_table":12,"minecraft:fly_one_cm":188994,"minecraft:player_kills":1,"minecraft:open_chest":2,"minecraft:crouch_one_cm":9156,"minecraft:play_time":56150,"minecraft:sneak_time":2609,"minecraft:walk_under_water_one_cm":769,"minecraft:jump":886,"minecraft:leave_game":2,"minecraft:time_since_death":56150,"minecraft:walk_on_water_one_cm":7014,"minecraft:total_world_time":56150,"minecraft:fall_one_cm":44855},"minecraft:dropped":{"minecraft:stone_axe":1,"minecraft:cooked_beef":5,"minecraft:coarse_dirt":1,"minecraft:stone_sword":1,"minecraft:stone_pickaxe":2,"minecraft:wooden_pickaxe":1},"minecraft:killed":{"minecraft:sheep":1,"minecraft:cow":1},"minecraft:crafted":{"minecraft:oak_planks":12,"minecraft:iron_boots":1,"minecraft:iron_chestplate":1,"minecraft:shield":1,"minecraft:iron_axe":1,"minecraft:stick":12,"minecraft:iron_pickaxe":1,"minecraft:wooden_pickaxe":1,"minecraft:iron_ingot":26,"minecraft:stone_pickaxe":1,"minecraft:iron_sword":1,"minecraft:iron_leggings":1,"minecraft:birch_planks":8,"minecraft:stone_axe":1,"minecraft:air":0},"minecraft:picked_up":{"minecraft:birch_log":2,"minecraft:coarse_dirt":1,"minecraft:raw_iron":59,"minecraft:crafting_table":2,"minecraft:cooked_beef":41,"minecraft:leather":2,"minecraft:torch":3,"minecraft:wooden_pickaxe":1,"minecraft:oak_log":3,"minecraft:diorite":10,"minecraft:dirt":9,"minecraft:stone_sword":1,"minecraft:wheat_seeds":2,"minecraft:beef":1,"minecraft:stone_pickaxe":1,"minecraft:mutton":1,"minecraft:coal":31,"minecraft:furnace":2,"minecraft:white_wool":1,"minecraft:cobblestone":40},"minecraft:used":{"minecraft:diorite":9,"minecraft:stone_pickaxe":82,"minecraft:iron_pickaxe":1,"minecraft:wooden_pickaxe":11,"minecraft:torch":1,"minecraft:stone_axe":15,"minecraft:dirt":7,"minecraft:cobblestone":9,"minecraft:crafting_table":1,"minecraft:furnace":1,"minecraft:cooked_beef":14}},"DataVersion":3465}