{"stats":{"minecraft:used":{"boxing_madness:boxing_glove":8,"minecraft:dirt":9,"minecraft:cooked_beef":15},"minecraft:mined":{"minecraft:grass":7,"minecraft:grass_block":1,"minecraft:dirt":9},"minecraft:picked_up":{"minecraft:book":10,"minecraft:coarse_dirt":2,"minecraft:barrier":1,"minecraft:cooked_beef":134,"minecraft:cooked_porkchop":62,"minecraft:leather":4,"minecraft:dirt":11,"cataclysm:bulwark_of_the_flame":1,"pointblank:ak74":1,"minecraft:soul_lantern":1,"modminds:totemeon":1,"boxing_madness:boxing_glove":6,"minecraft:beef":6,"modminds:nutritotem":1,"minecraft:rooted_dirt":5},"minecraft:killed_by":{"minecraft:player":1},"minecraft:killed":{"minecraft:cow":1},"minecraft:dropped":{"modminds:nutritotem":1,"minecraft:coarse_dirt":2,"modminds:totemeon":1,"minecraft:cooked_porkchop":31,"minecraft:soul_lantern":1,"minecraft:barrier":1,"minecraft:book":9,"minecraft:rooted_dirt":5,"minecraft:beef":3,"boxing_madness:boxing_glove":2},"minecraft:custom":{"minecraft:time_since_rest":4808,"minecraft:damage_taken":1002248,"minecraft:sprint_one_cm":219873,"minecraft:open_enderchest":5,"minecraft:walk_one_cm":288149,"minecraft:mob_kills":1,"minecraft:drop":15,"minecraft:damage_dealt":389,"minecraft:swim_one_cm":30393,"minecraft:interact_with_crafting_table":1,"minecraft:fly_one_cm":372450,"minecraft:player_kills":1,"minecraft:crouch_one_cm":6640,"minecraft:play_time":176312,"minecraft:deaths":6,"minecraft:sneak_time":2729,"minecraft:walk_under_water_one_cm":1636,"minecraft:jump":1456,"minecraft:leave_game":15,"minecraft:walk_on_water_one_cm":1813,"minecraft:time_since_death":4805,"minecraft:total_world_time":176312,"minecraft:fall_one_cm":22208}},"DataVersion":3465}