{"stats":{"minecraft:mined":{"minecraft:dandelion":1,"minecraft:crafting_table":2,"minecraft:torch":1,"minecraft:grass_block":2,"minecraft:tall_grass":1,"minecraft:diorite":6,"minecraft:wall_torch":2,"minecraft:furnace":2,"minecraft:iron_ore":67,"minecraft:andesite":20,"minecraft:grass":8,"minecraft:coal_ore":56,"minecraft:oak_log":20,"minecraft:gravel":2,"minecraft:dirt":19,"minecraft:stone":91,"minecraft:gold_ore":2,"minecraft:oak_leaves":6,"minecraft:deepslate":22},"minecraft:custom":{"minecraft:interact_with_furnace":18,"minecraft:mob_kills":1,"minecraft:interact_with_crafting_table":29,"minecraft:leave_game":26,"minecraft:time_since_death":56423,"minecraft:time_since_rest":56426,"minecraft:walk_one_cm":481449,"minecraft:sprint_one_cm":423290,"minecraft:open_enderchest":5,"minecraft:damage_taken":2147483647,"minecraft:damage_absorbed":320,"minecraft:drop":45,"minecraft:damage_dealt":509,"minecraft:swim_one_cm":32830,"minecraft:fly_one_cm":622871,"minecraft:player_kills":1,"minecraft:crouch_one_cm":17448,"minecraft:play_time":299626,"minecraft:deaths":9,"minecraft:sneak_time":6233,"minecraft:walk_under_water_one_cm":1773,"minecraft:jump":2497,"minecraft:walk_on_water_one_cm":8868,"minecraft:total_world_time":299626,"minecraft:fall_one_cm":65963},"minecraft:killed_by":{"minecraft:player":1,"horrrs_pvz:gatling_pea_shooter":1},"minecraft:killed":{"minecraft:cow":1},"minecraft:dropped":{"modminds:nutritotem":11,"minecraft:cooked_beef":141,"minecraft:coarse_dirt":3,"minecraft:cooked_porkchop":31,"minecraft:soul_lantern":1,"minecraft:iron_helmet":1,"minecraft:barrier":1,"minecraft:book":9,"minecraft:rooted_dirt":5,"boxing_madness:boxing_glove":2,"minecraft:dirt":1,"modminds:totemeon":1,"minecraft:beef":3},"minecraft:crafted":{"minecraft:oak_planks":84,"minecraft:iron_nugget":9,"minecraft:wooden_pickaxe":1,"minecraft:iron_helmet":1,"minecraft:furnace":1,"minecraft:bucket":2,"minecraft:stone_axe":1,"minecraft:air":0,"minecraft:iron_chestplate":1,"minecraft:iron_boots":1,"minecraft:shield":1,"minecraft:stick":12,"minecraft:iron_ingot":35,"minecraft:iron_pickaxe":1,"minecraft:stone_pickaxe":1,"minecraft:iron_leggings":1,"minecraft:torch":8},"minecraft:picked_up":{"minecraft:coarse_dirt":3,"minecraft:crafting_table":3,"minecraft:barrier":1,"minecraft:cooked_beef":328,"minecraft:andesite":20,"minecraft:leather":4,"minecraft:oak_log":21,"minecraft:dirt":23,"pointblank:ak74":1,"minecraft:cobbled_deepslate":22,"minecraft:raw_gold":2,"minecraft:beef":6,"modminds:nutritotem":17,"minecraft:furnace":2,"minecraft:book":10,"minecraft:raw_iron":67,"minecraft:cooked_porkchop":62,"minecraft:torch":3,"minecraft:dandelion":1,"minecraft:gravel":2,"minecraft:diorite":6,"cataclysm:bulwark_of_the_flame":1,"modminds:totemeon":1,"minecraft:soul_lantern":1,"boxing_madness:boxing_glove":6,"minecraft:iron_helmet":1,"minecraft:rooted_dirt":5,"minecraft:coal":84,"minecraft:cobblestone":90},"minecraft:used":{"minecraft:water_bucket":1,"minecraft:stone_pickaxe":132,"minecraft:wooden_pickaxe":19,"boxing_madness:boxing_glove":8,"minecraft:torch":4,"minecraft:dirt":20,"minecraft:crafting_table":2,"minecraft:iron_pickaxe":126,"minecraft:stone_axe":19,"minecraft:furnace":3,"minecraft:bucket":3,"minecraft:cooked_beef":28},"minecraft:broken":{"minecraft:stone_pickaxe":1}},"DataVersion":3465}