{"stats":{"minecraft:mined":{"minecraft:furnace":1,"minecraft:grass":7,"minecraft:coal_ore":2,"minecraft:grass_block":1,"minecraft:oak_log":4,"minecraft:dirt":14,"minecraft:stone":14,"minecraft:oak_leaves":4},"minecraft:custom":{"minecraft:time_since_rest":30435,"minecraft:interact_with_furnace":1,"minecraft:damage_absorbed":320,"minecraft:damage_taken":2147483647,"minecraft:sprint_one_cm":324997,"minecraft:open_enderchest":5,"minecraft:walk_one_cm":435969,"minecraft:mob_kills":1,"minecraft:drop":44,"minecraft:damage_dealt":500,"minecraft:swim_one_cm":32604,"minecraft:interact_with_crafting_table":18,"minecraft:fly_one_cm":548753,"minecraft:player_kills":1,"minecraft:crouch_one_cm":14359,"minecraft:play_time":273635,"minecraft:deaths":9,"minecraft:sneak_time":4909,"minecraft:walk_under_water_one_cm":1636,"minecraft:jump":2135,"minecraft:leave_game":26,"minecraft:time_since_death":30432,"minecraft:walk_on_water_one_cm":4663,"minecraft:total_world_time":273635,"minecraft:fall_one_cm":51915},"minecraft:killed_by":{"minecraft:player":1,"horrrs_pvz:gatling_pea_shooter":1},"minecraft:killed":{"minecraft:cow":1},"minecraft:dropped":{"minecraft:dirt":1,"modminds:nutritotem":11,"minecraft:cooked_beef":141,"minecraft:coarse_dirt":3,"modminds:totemeon":1,"minecraft:cooked_porkchop":31,"minecraft:soul_lantern":1,"minecraft:barrier":1,"minecraft:book":9,"minecraft:rooted_dirt":5,"minecraft:beef":3,"boxing_madness:boxing_glove":2},"minecraft:crafted":{"minecraft:oak_planks":20,"minecraft:stick":8,"minecraft:wooden_pickaxe":1,"minecraft:furnace":1},"minecraft:picked_up":{"minecraft:book":10,"minecraft:crafting_table":1,"minecraft:raw_iron":1,"minecraft:coarse_dirt":3,"minecraft:barrier":1,"minecraft:cooked_beef":328,"minecraft:cooked_porkchop":62,"minecraft:leather":4,"minecraft:oak_log":5,"minecraft:dirt":18,"cataclysm:bulwark_of_the_flame":1,"minecraft:soul_lantern":1,"pointblank:ak74":1,"modminds:totemeon":1,"boxing_madness:boxing_glove":6,"minecraft:beef":6,"modminds:nutritotem":17,"minecraft:rooted_dirt":5,"minecraft:coal":2,"minecraft:cobblestone":13,"minecraft:furnace":1},"minecraft:used":{"minecraft:wooden_pickaxe":19,"boxing_madness:boxing_glove":8,"minecraft:dirt":12,"minecraft:furnace":1,"minecraft:cooked_beef":24}},"DataVersion":3465}