{"stats":{"minecraft:mined":{"minecraft:grass":7,"minecraft:grass_block":1,"minecraft:dirt":9},"minecraft:custom":{"minecraft:time_since_rest":814,"minecraft:damage_absorbed":320,"minecraft:damage_taken":2147483647,"minecraft:sprint_one_cm":276614,"minecraft:open_enderchest":5,"minecraft:walk_one_cm":356183,"minecraft:mob_kills":1,"minecraft:drop":44,"minecraft:damage_dealt":429,"minecraft:swim_one_cm":32604,"minecraft:interact_with_crafting_table":1,"minecraft:fly_one_cm":469283,"minecraft:player_kills":1,"minecraft:crouch_one_cm":9621,"minecraft:play_time":244014,"minecraft:deaths":9,"minecraft:sneak_time":3623,"minecraft:walk_under_water_one_cm":1636,"minecraft:jump":1798,"minecraft:leave_game":24,"minecraft:time_since_death":811,"minecraft:walk_on_water_one_cm":1841,"minecraft:total_world_time":244014,"minecraft:fall_one_cm":33854},"minecraft:killed_by":{"minecraft:player":1,"horrrs_pvz:gatling_pea_shooter":1},"minecraft:killed":{"minecraft:cow":1},"minecraft:dropped":{"minecraft:dirt":1,"modminds:nutritotem":11,"minecraft:cooked_beef":141,"minecraft:coarse_dirt":3,"modminds:totemeon":1,"minecraft:cooked_porkchop":31,"minecraft:soul_lantern":1,"minecraft:barrier":1,"minecraft:book":9,"minecraft:rooted_dirt":5,"minecraft:beef":3,"boxing_madness:boxing_glove":2},"minecraft:picked_up":{"minecraft:book":10,"minecraft:coarse_dirt":3,"minecraft:barrier":1,"minecraft:cooked_beef":317,"minecraft:cooked_porkchop":62,"minecraft:leather":4,"minecraft:dirt":13,"cataclysm:bulwark_of_the_flame":1,"minecraft:soul_lantern":1,"pointblank:ak74":1,"modminds:totemeon":1,"boxing_madness:boxing_glove":6,"minecraft:beef":6,"modminds:nutritotem":17,"minecraft:rooted_dirt":5},"minecraft:used":{"boxing_madness:boxing_glove":8,"minecraft:dirt":10,"minecraft:cooked_beef":18}},"DataVersion":3465}