{"stats":{"minecraft:used":{"minecraft:cooked_beef":3},"minecraft:picked_up":{"minecraft:book":2,"minecraft:cooked_beef":48,"minecraft:cooked_porkchop":62},"minecraft:custom":{"minecraft:time_since_rest":26388,"minecraft:damage_taken":501020,"minecraft:leave_game":5,"minecraft:crouch_one_cm":2528,"minecraft:play_time":97453,"minecraft:time_since_death":26386,"minecraft:sprint_one_cm":105933,"minecraft:walk_one_cm":112165,"minecraft:deaths":3,"minecraft:sneak_time":1365,"minecraft:total_world_time":97453,"minecraft:fall_one_cm":13136,"minecraft:drop":2,"minecraft:fly_one_cm":157062,"minecraft:jump":603},"minecraft:dropped":{"minecraft:book":1,"minecraft:cooked_porkchop":31}},"DataVersion":3465}