{"stats":{"minecraft:mined":{"minecraft:furnace":2,"minecraft:iron_ore":46,"minecraft:dandelion":1,"minecraft:crafting_table":1,"minecraft:grass":8,"minecraft:grass_block":1,"minecraft:oak_log":20,"minecraft:coal_ore":37,"minecraft:dirt":15,"minecraft:tall_grass":1,"minecraft:stone":29,"minecraft:diorite":1,"minecraft:oak_leaves":6,"minecraft:wall_torch":1},"minecraft:custom":{"minecraft:damage_absorbed":320,"minecraft:time_since_rest":44426,"minecraft:interact_with_furnace":5,"minecraft:damage_taken":2147483647,"minecraft:sprint_one_cm":391726,"minecraft:open_enderchest":5,"minecraft:walk_one_cm":462523,"minecraft:mob_kills":1,"minecraft:drop":44,"minecraft:damage_dealt":509,"minecraft:interact_with_crafting_table":22,"minecraft:swim_one_cm":32604,"minecraft:player_kills":1,"minecraft:fly_one_cm":616071,"minecraft:crouch_one_cm":16279,"minecraft:play_time":287626,"minecraft:deaths":9,"minecraft:sneak_time":5642,"minecraft:walk_under_water_one_cm":1636,"minecraft:jump":2397,"minecraft:leave_game":26,"minecraft:time_since_death":44423,"minecraft:walk_on_water_one_cm":4663,"minecraft:total_world_time":287626,"minecraft:fall_one_cm":65483},"minecraft:killed_by":{"minecraft:player":1,"horrrs_pvz:gatling_pea_shooter":1},"minecraft:killed":{"minecraft:cow":1},"minecraft:dropped":{"minecraft:dirt":1,"modminds:nutritotem":11,"minecraft:cooked_beef":141,"minecraft:coarse_dirt":3,"modminds:totemeon":1,"minecraft:cooked_porkchop":31,"minecraft:soul_lantern":1,"minecraft:barrier":1,"minecraft:book":9,"minecraft:rooted_dirt":5,"minecraft:beef":3,"boxing_madness:boxing_glove":2},"minecraft:crafted":{"minecraft:oak_planks":20,"minecraft:stick":8,"minecraft:stone_pickaxe":1,"minecraft:wooden_pickaxe":1,"minecraft:furnace":1,"minecraft:torch":8,"minecraft:stone_axe":1},"minecraft:picked_up":{"minecraft:book":10,"minecraft:crafting_table":2,"minecraft:raw_iron":46,"minecraft:coarse_dirt":3,"minecraft:barrier":1,"minecraft:cooked_beef":328,"minecraft:cooked_porkchop":62,"minecraft:leather":4,"minecraft:torch":1,"minecraft:dandelion":1,"minecraft:oak_log":21,"minecraft:diorite":1,"minecraft:dirt":18,"cataclysm:bulwark_of_the_flame":1,"minecraft:soul_lantern":1,"pointblank:ak74":1,"modminds:totemeon":1,"boxing_madness:boxing_glove":6,"minecraft:beef":6,"modminds:nutritotem":17,"minecraft:rooted_dirt":5,"minecraft:coal":65,"minecraft:cobblestone":29,"minecraft:furnace":2},"minecraft:used":{"minecraft:stone_pickaxe":100,"minecraft:wooden_pickaxe":19,"boxing_madness:boxing_glove":8,"minecraft:torch":1,"minecraft:stone_axe":18,"minecraft:dirt":15,"minecraft:furnace":2,"minecraft:cooked_beef":27}},"DataVersion":3465}