{"stats":{"minecraft:used":{"minecraft:cooked_beef":2},"minecraft:picked_up":{"minecraft:cooked_beef":16,"minecraft:cooked_porkchop":62},"minecraft:custom":{"minecraft:jump":426,"minecraft:time_since_rest":1842,"minecraft:damage_taken":500950,"minecraft:leave_game":3,"minecraft:crouch_one_cm":2079,"minecraft:play_time":59900,"minecraft:time_since_death":1840,"minecraft:sprint_one_cm":72249,"minecraft:walk_one_cm":64087,"minecraft:deaths":2,"minecraft:sneak_time":1033,"minecraft:total_world_time":59900,"minecraft:fall_one_cm":11960,"minecraft:drop":1,"minecraft:fly_one_cm":108862},"minecraft:dropped":{"minecraft:cooked_porkchop":31}},"DataVersion":3465}