{"stats":{"minecraft:mined":{"minecraft:grass_block":1,"minecraft:grass":3,"minecraft:dirt":8},"minecraft:used":{"minecraft:dirt":8,"minecraft:cooked_beef":6},"minecraft:picked_up":{"minecraft:book":3,"minecraft:coarse_dirt":2,"minecraft:cooked_beef":48,"minecraft:cooked_porkchop":62,"minecraft:rooted_dirt":5,"minecraft:dirt":9},"minecraft:custom":{"minecraft:time_since_rest":69708,"minecraft:damage_taken":501085,"minecraft:crouch_one_cm":4084,"minecraft:open_enderchest":5,"minecraft:sprint_one_cm":170836,"minecraft:play_time":140773,"minecraft:deaths":3,"minecraft:walk_one_cm":211351,"minecraft:sneak_time":1973,"minecraft:walk_under_water_one_cm":1152,"minecraft:drop":7,"minecraft:jump":1018,"minecraft:leave_game":9,"minecraft:walk_on_water_one_cm":971,"minecraft:time_since_death":69706,"minecraft:total_world_time":140773,"minecraft:swim_one_cm":22866,"minecraft:interact_with_crafting_table":1,"minecraft:fall_one_cm":18653,"minecraft:fly_one_cm":265352},"minecraft:dropped":{"minecraft:book":2,"minecraft:rooted_dirt":5,"minecraft:coarse_dirt":2,"minecraft:cooked_porkchop":31}},"DataVersion":3465}