{"stats":{"minecraft:used":{"minecraft:cooked_beef":2},"minecraft:picked_up":{"minecraft:book":2,"minecraft:cooked_beef":16,"minecraft:cooked_porkchop":62},"minecraft:custom":{"minecraft:time_since_rest":14388,"minecraft:damage_taken":501020,"minecraft:leave_game":5,"minecraft:crouch_one_cm":2198,"minecraft:play_time":85453,"minecraft:time_since_death":14386,"minecraft:sprint_one_cm":99084,"minecraft:walk_one_cm":98772,"minecraft:deaths":3,"minecraft:sneak_time":1137,"minecraft:total_world_time":85453,"minecraft:fall_one_cm":13136,"minecraft:drop":2,"minecraft:fly_one_cm":143766,"minecraft:jump":551},"minecraft:dropped":{"minecraft:book":1,"minecraft:cooked_porkchop":31}},"DataVersion":3465}