{"stats":{"minecraft:used":{"minecraft:cooked_beef":2},"minecraft:picked_up":{"minecraft:cooked_beef":16,"minecraft:cooked_porkchop":62},"minecraft:custom":{"minecraft:jump":339,"minecraft:time_since_rest":200,"minecraft:deaths":1,"minecraft:damage_taken":500000,"minecraft:crouch_one_cm":1780,"minecraft:leave_game":2,"minecraft:play_time":52217,"minecraft:sprint_one_cm":65176,"minecraft:time_since_death":197,"minecraft:walk_one_cm":52664,"minecraft:sneak_time":975,"minecraft:total_world_time":52217,"minecraft:fall_one_cm":1790,"minecraft:drop":1,"minecraft:fly_one_cm":89707},"minecraft:dropped":{"minecraft:cooked_porkchop":31}},"DataVersion":3465}