{"stats":{"minecraft:used":{"minecraft:cooked_beef":5},"minecraft:picked_up":{"minecraft:book":3,"minecraft:coarse_dirt":2,"minecraft:cooked_beef":48,"minecraft:cooked_porkchop":62,"minecraft:rooted_dirt":5},"minecraft:custom":{"minecraft:time_since_rest":56179,"minecraft:open_enderchest":5,"minecraft:crouch_one_cm":3906,"minecraft:deaths":3,"minecraft:sprint_one_cm":169508,"minecraft:play_time":127244,"minecraft:damage_taken":501050,"minecraft:walk_one_cm":179799,"minecraft:sneak_time":1775,"minecraft:walk_under_water_one_cm":732,"minecraft:drop":7,"minecraft:jump":996,"minecraft:leave_game":8,"minecraft:walk_on_water_one_cm":790,"minecraft:time_since_death":56177,"minecraft:total_world_time":127244,"minecraft:swim_one_cm":7952,"minecraft:interact_with_crafting_table":1,"minecraft:fall_one_cm":18444,"minecraft:fly_one_cm":262413},"minecraft:dropped":{"minecraft:book":2,"minecraft:rooted_dirt":5,"minecraft:coarse_dirt":2,"minecraft:cooked_porkchop":31}},"DataVersion":3465}