{"stats":{"minecraft:used":{"minecraft:cooked_beef":3},"minecraft:picked_up":{"minecraft:book":3,"minecraft:cooked_beef":48,"minecraft:cooked_porkchop":62},"minecraft:custom":{"minecraft:time_since_rest":33433,"minecraft:damage_taken":501020,"minecraft:leave_game":7,"minecraft:crouch_one_cm":2846,"minecraft:time_since_death":33431,"minecraft:play_time":104498,"minecraft:sprint_one_cm":110788,"minecraft:walk_one_cm":125559,"minecraft:deaths":3,"minecraft:sneak_time":1502,"minecraft:total_world_time":104498,"minecraft:fall_one_cm":13345,"minecraft:drop":3,"minecraft:fly_one_cm":167610,"minecraft:jump":635},"minecraft:dropped":{"minecraft:book":2,"minecraft:cooked_porkchop":31}},"DataVersion":3465}