{"stats":{"minecraft:used":{"minecraft:cooked_beef":1},"minecraft:picked_up":{"minecraft:cooked_beef":16,"minecraft:cooked_porkchop":62},"minecraft:dropped":{"minecraft:cooked_porkchop":31},"minecraft:custom":{"minecraft:jump":167,"minecraft:time_since_rest":26887,"minecraft:crouch_one_cm":1208,"minecraft:sprint_one_cm":30384,"minecraft:play_time":26887,"minecraft:time_since_death":26887,"minecraft:walk_one_cm":44283,"minecraft:sneak_time":766,"minecraft:total_world_time":26887,"minecraft:drop":1,"minecraft:fly_one_cm":38442}},"DataVersion":3465}