{"stats":{"minecraft:used":{"minecraft:cooked_beef":2},"minecraft:picked_up":{"minecraft:cooked_beef":16,"minecraft:cooked_porkchop":62,"minecraft:book":1},"minecraft:custom":{"minecraft:jump":466,"minecraft:time_since_rest":200,"minecraft:damage_taken":501020,"minecraft:leave_game":5,"minecraft:crouch_one_cm":2173,"minecraft:time_since_death":198,"minecraft:play_time":71265,"minecraft:sprint_one_cm":79091,"minecraft:walk_one_cm":84022,"minecraft:deaths":3,"minecraft:sneak_time":1100,"minecraft:total_world_time":71265,"minecraft:fall_one_cm":13136,"minecraft:drop":2,"minecraft:fly_one_cm":114997},"minecraft:dropped":{"minecraft:book":1,"minecraft:cooked_porkchop":31}},"DataVersion":3465}