{"stats":{"minecraft:used":{"minecraft:dirt":9,"minecraft:cooked_beef":13,"boxing_madness:boxing_glove":3},"minecraft:mined":{"minecraft:grass":7,"minecraft:grass_block":1,"minecraft:dirt":9},"minecraft:picked_up":{"minecraft:book":3,"minecraft:coarse_dirt":2,"minecraft:cooked_beef":48,"minecraft:cooked_porkchop":62,"minecraft:leather":2,"boxing_madness:boxing_glove":2,"minecraft:beef":3,"minecraft:rooted_dirt":5,"minecraft:dirt":10},"minecraft:killed_by":{"minecraft:player":1},"minecraft:killed":{"minecraft:cow":1},"minecraft:dropped":{"minecraft:book":2,"minecraft:rooted_dirt":5,"minecraft:coarse_dirt":2,"minecraft:cooked_porkchop":31},"minecraft:custom":{"minecraft:damage_taken":501808,"minecraft:time_since_rest":200,"minecraft:open_enderchest":5,"minecraft:crouch_one_cm":4497,"minecraft:play_time":158996,"minecraft:sprint_one_cm":200559,"minecraft:walk_one_cm":243024,"minecraft:deaths":4,"minecraft:sneak_time":2294,"minecraft:walk_under_water_one_cm":1636,"minecraft:mob_kills":1,"minecraft:drop":7,"minecraft:jump":1303,"minecraft:damage_dealt":168,"minecraft:leave_game":11,"minecraft:time_since_death":198,"minecraft:walk_on_water_one_cm":1813,"minecraft:total_world_time":158996,"minecraft:swim_one_cm":30393,"minecraft:interact_with_crafting_table":1,"minecraft:fall_one_cm":21790,"minecraft:fly_one_cm":348877}},"DataVersion":3465}