{"stats":{"minecraft:used":{"minecraft:cooked_beef":3},"minecraft:picked_up":{"minecraft:book":3,"minecraft:coarse_dirt":2,"minecraft:cooked_beef":48,"minecraft:cooked_porkchop":62,"minecraft:rooted_dirt":5},"minecraft:custom":{"minecraft:time_since_rest":42249,"minecraft:crouch_one_cm":3108,"minecraft:deaths":3,"minecraft:sprint_one_cm":124031,"minecraft:play_time":113314,"minecraft:damage_taken":501020,"minecraft:walk_one_cm":148251,"minecraft:sneak_time":1583,"minecraft:drop":7,"minecraft:jump":728,"minecraft:leave_game":7,"minecraft:time_since_death":42247,"minecraft:total_world_time":113314,"minecraft:fall_one_cm":14094,"minecraft:fly_one_cm":185695},"minecraft:dropped":{"minecraft:book":2,"minecraft:rooted_dirt":5,"minecraft:coarse_dirt":2,"minecraft:cooked_porkchop":31}},"DataVersion":3465}