{"stats":{"minecraft:used":{"minecraft:dirt":9,"minecraft:cooked_beef":6},"minecraft:mined":{"minecraft:grass":7,"minecraft:grass_block":1,"minecraft:dirt":9},"minecraft:picked_up":{"minecraft:book":3,"minecraft:coarse_dirt":2,"minecraft:cooked_beef":48,"minecraft:cooked_porkchop":62,"minecraft:leather":2,"minecraft:beef":3,"minecraft:rooted_dirt":5,"minecraft:dirt":10},"minecraft:killed":{"minecraft:cow":1},"minecraft:dropped":{"minecraft:book":2,"minecraft:rooted_dirt":5,"minecraft:coarse_dirt":2,"minecraft:cooked_porkchop":31},"minecraft:custom":{"minecraft:damage_taken":501115,"minecraft:time_since_rest":75873,"minecraft:open_enderchest":5,"minecraft:crouch_one_cm":4084,"minecraft:play_time":146938,"minecraft:sprint_one_cm":174508,"minecraft:deaths":3,"minecraft:walk_one_cm":219342,"minecraft:sneak_time":1973,"minecraft:walk_under_water_one_cm":1152,"minecraft:mob_kills":1,"minecraft:drop":7,"minecraft:jump":1065,"minecraft:damage_dealt":100,"minecraft:leave_game":10,"minecraft:time_since_death":75871,"minecraft:walk_on_water_one_cm":971,"minecraft:total_world_time":146938,"minecraft:swim_one_cm":22866,"minecraft:interact_with_crafting_table":1,"minecraft:fall_one_cm":19489,"minecraft:fly_one_cm":276854}},"DataVersion":3465}