{"stats":{"minecraft:used":{"minecraft:dirt":9,"minecraft:cooked_beef":6},"minecraft:mined":{"minecraft:grass":3,"minecraft:grass_block":1,"minecraft:dirt":9},"minecraft:picked_up":{"minecraft:book":3,"minecraft:coarse_dirt":2,"minecraft:cooked_beef":48,"minecraft:cooked_porkchop":62,"minecraft:rooted_dirt":5,"minecraft:dirt":10},"minecraft:dropped":{"minecraft:book":2,"minecraft:rooted_dirt":5,"minecraft:coarse_dirt":2,"minecraft:cooked_porkchop":31},"minecraft:custom":{"minecraft:damage_taken":501085,"minecraft:time_since_rest":72946,"minecraft:open_enderchest":5,"minecraft:crouch_one_cm":4084,"minecraft:play_time":144011,"minecraft:sprint_one_cm":170873,"minecraft:deaths":3,"minecraft:walk_one_cm":216427,"minecraft:sneak_time":1973,"minecraft:walk_under_water_one_cm":1152,"minecraft:drop":7,"minecraft:jump":1018,"minecraft:leave_game":9,"minecraft:time_since_death":72944,"minecraft:walk_on_water_one_cm":971,"minecraft:total_world_time":144011,"minecraft:swim_one_cm":22866,"minecraft:interact_with_crafting_table":1,"minecraft:fall_one_cm":18653,"minecraft:fly_one_cm":265352}},"DataVersion":3465}