{"stats":{"minecraft:used":{"boxing_madness:boxing_glove":8,"minecraft:dirt":9,"minecraft:cooked_beef":15},"minecraft:mined":{"minecraft:grass":7,"minecraft:grass_block":1,"minecraft:dirt":9},"minecraft:picked_up":{"minecraft:book":10,"minecraft:coarse_dirt":2,"minecraft:barrier":1,"minecraft:cooked_beef":134,"minecraft:cooked_porkchop":62,"minecraft:leather":4,"minecraft:dirt":11,"minecraft:soul_lantern":1,"modminds:totemeon":1,"boxing_madness:boxing_glove":6,"minecraft:beef":6,"modminds:nutritotem":1,"minecraft:rooted_dirt":5},"minecraft:killed_by":{"minecraft:player":1},"minecraft:killed":{"minecraft:cow":1},"minecraft:dropped":{"modminds:nutritotem":1,"minecraft:coarse_dirt":2,"modminds:totemeon":1,"minecraft:cooked_porkchop":31,"minecraft:barrier":1,"minecraft:book":9,"minecraft:rooted_dirt":5,"minecraft:beef":3,"boxing_madness:boxing_glove":2},"minecraft:custom":{"minecraft:time_since_rest":4196,"minecraft:open_enderchest":5,"minecraft:sprint_one_cm":209495,"minecraft:damage_taken":502248,"minecraft:walk_one_cm":260971,"minecraft:mob_kills":1,"minecraft:drop":14,"minecraft:damage_dealt":389,"minecraft:swim_one_cm":30393,"minecraft:interact_with_crafting_table":1,"minecraft:fly_one_cm":366583,"minecraft:player_kills":1,"minecraft:crouch_one_cm":5686,"minecraft:play_time":166515,"minecraft:deaths":5,"minecraft:sneak_time":2528,"minecraft:walk_under_water_one_cm":1636,"minecraft:jump":1418,"minecraft:leave_game":13,"minecraft:walk_on_water_one_cm":1813,"minecraft:time_since_death":4194,"minecraft:total_world_time":166515,"minecraft:fall_one_cm":21790}},"DataVersion":3465}