{"stats":{"minecraft:used":{"minecraft:cooked_beef":1},"minecraft:picked_up":{"minecraft:cooked_beef":16,"minecraft:cooked_porkchop":62},"minecraft:dropped":{"minecraft:cooked_porkchop":31},"minecraft:custom":{"minecraft:jump":238,"minecraft:time_since_rest":44887,"minecraft:crouch_one_cm":1208,"minecraft:sprint_one_cm":51069,"minecraft:play_time":44887,"minecraft:time_since_death":44887,"minecraft:walk_one_cm":45715,"minecraft:sneak_time":766,"minecraft:total_world_time":44887,"minecraft:drop":1,"minecraft:fly_one_cm":62742}},"DataVersion":3465}