{"stats":{"minecraft:used":{"boxing_madness:boxing_glove":8,"minecraft:dirt":9,"minecraft:cooked_beef":16},"minecraft:mined":{"minecraft:grass":7,"minecraft:grass_block":1,"minecraft:dirt":9},"minecraft:picked_up":{"minecraft:book":10,"minecraft:coarse_dirt":2,"minecraft:barrier":1,"minecraft:cooked_beef":173,"minecraft:cooked_porkchop":62,"minecraft:leather":4,"minecraft:dirt":11,"cataclysm:bulwark_of_the_flame":1,"minecraft:soul_lantern":1,"pointblank:ak74":1,"modminds:totemeon":1,"boxing_madness:boxing_glove":6,"minecraft:beef":6,"modminds:nutritotem":17,"minecraft:rooted_dirt":5},"minecraft:killed_by":{"minecraft:player":1,"horrrs_pvz:gatling_pea_shooter":1},"minecraft:killed":{"minecraft:cow":1},"minecraft:dropped":{"modminds:nutritotem":11,"minecraft:cooked_beef":15,"minecraft:coarse_dirt":2,"modminds:totemeon":1,"minecraft:cooked_porkchop":31,"minecraft:soul_lantern":1,"minecraft:barrier":1,"minecraft:book":9,"minecraft:rooted_dirt":5,"minecraft:beef":3,"boxing_madness:boxing_glove":2},"minecraft:custom":{"minecraft:time_since_rest":7291,"minecraft:damage_taken":2147483647,"minecraft:damage_absorbed":320,"minecraft:sprint_one_cm":253837,"minecraft:open_enderchest":5,"minecraft:walk_one_cm":316077,"minecraft:mob_kills":1,"minecraft:drop":40,"minecraft:damage_dealt":409,"minecraft:swim_one_cm":32604,"minecraft:interact_with_crafting_table":1,"minecraft:fly_one_cm":442102,"minecraft:player_kills":1,"minecraft:crouch_one_cm":9154,"minecraft:play_time":192013,"minecraft:deaths":8,"minecraft:sneak_time":3485,"minecraft:walk_under_water_one_cm":1636,"minecraft:jump":1705,"minecraft:leave_game":18,"minecraft:time_since_death":7289,"minecraft:walk_on_water_one_cm":1841,"minecraft:total_world_time":192013,"minecraft:fall_one_cm":26819}},"DataVersion":3465}