{
  "__COMMENT1": "To apply this configuration to all newly generated worlds",
  "__COMMENT2": "please place this configuration file into your config directory",
  "__COMMENT3": "with the following name: cpm-server-default.json",
  "player_scaling": {
    "543f71ef-3421-486f-a6b5-480af57bf183": {},
    "8ff7f385-dfb3-346e-92fb-43db688cbb34": {
      "scale": 1.0,
      "eyeHeight": 1.0,
      "hitboxW": 1.0,
      "hitboxH": 1.0,
      "thirdPerson": 1.0,
      "viewBonning": 1.0,
      "motion": 1.0,
      "stepHeight": 1.0,
      "flight": 1.0,
      "fdmg": 1.0,
      "reach": 1.0,
      "msp": 1.0,
      "asp": 1.0,
      "akb": 1.0,
      "attack": 1.0,
      "defense": 1.0,
      "health": 1.0,
      "mob_vis": 1.0,
      "width": 1.0,
      "height": 1.0,
      "jump_height": 1.0,
      "proj_dmg": 1.0,
      "exp_dmg": 1.0,
      "kbr": 1.0
    },
    "1512e232-020b-386f-bad0-ad67c3a89d6f": {},
    "dc062a2d-c4ea-3971-8fc4-acd86fde8b72": {},
    "c11ba782-472d-3c60-9e32-31db3cb58e01": {},
    "36eba913-8845-3254-9fb6-171abb553853": {
      "scale": 1.0,
      "eyeHeight": 1.0,
      "hitboxW": 1.0,
      "hitboxH": 1.0,
      "thirdPerson": 1.0,
      "viewBonning": 1.0,
      "motion": 1.0,
      "stepHeight": 1.0,
      "flight": 1.0,
      "fdmg": 1.0,
      "reach": 1.0,
      "msp": 1.0,
      "asp": 1.0,
      "akb": 1.0,
      "attack": 1.0,
      "defense": 1.0,
      "health": 1.0,
      "mob_vis": 1.0,
      "width": 1.0,
      "height": 1.0,
      "jump_height": 1.0,
      "proj_dmg": 1.0,
      "exp_dmg": 1.0,
      "kbr": 1.0
    },
    "f2e0a8d1-cdbf-324d-be43-b7a798573747": {},
    "bd8b9c72-6be6-331d-a085-f4c7ad8a0aa7": {},
    "deeb3717-f2ec-33c3-83c9-d50c9d98fcc8": {},
    "18fc96ec-28fc-334f-acee-7d36c2332e48": {},
    "92fa9df8-b464-37db-8aa8-8e03a973cde1": {},
    "e43edd15-fc30-3908-bb40-1db29d3bbbfa": {
      "flight": 1.0,
      "mob_vis": 1.0,
      "motion": 1.0,
      "reach": 1.0,
      "scale": 1.0,
      "health": 1.0,
      "jump_height": 1.0,
      "proj_dmg": 1.0,
      "msp": 1.0,
      "viewBonning": 1.0,
      "exp_dmg": 1.0,
      "hitboxH": 1.0,
      "defense": 1.0,
      "attack": 1.0,
      "fdmg": 1.0,
      "eyeHeight": 1.0,
      "width": 1.0,
      "akb": 1.0,
      "hitboxW": 1.0,
      "thirdPerson": 1.0,
      "kbr": 1.0,
      "stepHeight": 1.0,
      "asp": 1.0,
      "height": 1.0
    }
  },
  "skins": {},
  "player_scaling_settings": {},
  "scaling_settings": {
    "projectile_dmg": {},
    "mining_speed": {},
    "motion": {},
    "third_person": {},
    "hitbox_width": {},
    "eye_height": {},
    "mob_visibility": {},
    "flight_speed": {},
    "knockback_resist": {},
    "reach": {},
    "health": {},
    "jump_height": {},
    "attack_speed": {},
    "explosion_dmg": {},
    "view_bobbing": {},
    "defense": {},
    "attack_knockback": {},
    "step_height": {},
    "width": {},
    "hitbox_height": {},
    "attack_dmg": {},
    "fall_damage": {},
    "entity": {},
    "height": {}
  }
}