{
  "__COMMENT1": "To apply this configuration to all newly generated worlds",
  "__COMMENT2": "please place this configuration file into your config directory",
  "__COMMENT3": "with the following name: cpm-server-default.json",
  "player_scaling": {
    "543f71ef-3421-486f-a6b5-480af57bf183": {},
    "8ff7f385-dfb3-346e-92fb-43db688cbb34": {},
    "1512e232-020b-386f-bad0-ad67c3a89d6f": {},
    "dc062a2d-c4ea-3971-8fc4-acd86fde8b72": {},
    "c11ba782-472d-3c60-9e32-31db3cb58e01": {}
  },
  "skins": {},
  "player_scaling_settings": {},
  "scaling_settings": {
    "projectile_dmg": {},
    "mining_speed": {},
    "motion": {},
    "third_person": {},
    "hitbox_width": {},
    "eye_height": {},
    "mob_visibility": {},
    "flight_speed": {},
    "knockback_resist": {},
    "reach": {},
    "health": {},
    "jump_height": {},
    "attack_speed": {},
    "explosion_dmg": {},
    "view_bobbing": {},
    "defense": {},
    "attack_knockback": {},
    "step_height": {},
    "width": {},
    "hitbox_height": {},
    "attack_dmg": {},
    "fall_damage": {},
    "entity": {},
    "height": {}
  }
}